SatisfactionLevel,LastEvaluation,NumberProjects,AverageMonthlyHours,TimeSpentCompany,WorkAccident,PromotionLast5Years,Department,Salary,OverTime,Attrition
0.45281645502151,0.8209178746141884,4.0,223.0,3.0,1.0,1.0,Management,Low,No,Yes
0.9986780492451002,0.04529961936101867,4.0,246.0,3.0,0.0,0.0,HR,Low,No,Yes
0.72541790167445,0.1637204579594524,4.0,275.0,9.0,1.0,0.0,Support,Low,Yes,No
0.6231664732074577,0.42475855334084744,2.0,234.0,5.0,1.0,1.0,Technical,Low,Yes,No
0.24745975517466762,0.5295410375845292,2.0,233.0,3.0,0.0,0.0,Support,Low,Yes,No
0.2791528935883183,0.8036497186401349,6.0,304.0,5.0,1.0,0.0,Sales,High,Yes,No
0.17976813034838957,0.764518626797538,3.0,220.0,2.0,0.0,1.0,Sales,Medium,No,No
0.9250128216515893,0.5367790951347083,5.0,110.0,4.0,1.0,0.0,Support,Low,Yes,Yes
0.6802400148963331,0.36482253403225273,5.0,153.0,2.0,0.0,1.0,Management,Low,No,No
0.7633618485091676,0.9809879441922205,2.0,179.0,2.0,0.0,0.0,Sales,Medium,No,No
0.12460114161797614,0.4676959519439747,5.0,125.0,8.0,1.0,0.0,Sales,Low,Yes,No
0.9365515985641447,0.5309792369268524,2.0,303.0,1.0,1.0,0.0,Support,Low,No,Yes
0.7856619531258104,0.2662545323766107,6.0,151.0,7.0,1.0,1.0,Sales,Medium,No,No
0.29373013510549,0.8548573274508929,3.0,259.0,5.0,1.0,1.0,Management,Medium,No,No
0.2840794622678811,0.6766554776602436,6.0,165.0,8.0,0.0,1.0,Management,Low,Yes,No
0.18827232704450836,0.31334877573364706,4.0,259.0,1.0,0.0,1.0,Management,Low,Yes,Yes
0.3347762670832852,0.19157857275524362,4.0,278.0,7.0,0.0,0.0,Technical,Low,No,No
0.5395042113204015,0.7027340364257915,4.0,102.0,5.0,1.0,1.0,Management,Medium,No,No
0.48437168823080945,0.7614602086216438,6.0,100.0,4.0,0.0,1.0,Management,Low,No,No
0.3630965793503629,0.32406074461900164,5.0,143.0,7.0,1.0,1.0,Technical,Low,No,No
0.6824431788879801,0.9583139857817423,3.0,105.0,2.0,1.0,0.0,HR,Low,Yes,No
0.19052288688630917,0.26192831036309916,4.0,97.0,1.0,0.0,0.0,Sales,Low,No,No
0.37032680300579085,0.5159049786665129,4.0,193.0,1.0,1.0,1.0,Management,High,Yes,No
,,,,,,,,,,
0.5350732966052678,0.4725843603838961,3.0,146.0,5.0,1.0,0.0,Support,Medium,No,No
0.7955508920570084,0.6909614784370381,4.0,129.0,7.0,0.0,1.0,Sales,Low,Yes,No
0.24363564032980173,0.4739287471095538,3.0,276.0,2.0,1.0,1.0,Technical,Low,No,No
0.5398322517795124,0.3527630456918756,4.0,219.0,8.0,0.0,1.0,Sales,Low,No,No
0.5965397403797469,0.9342024543205185,6.0,183.0,4.0,0.0,1.0,Sales,Low,Yes,No
0.14276467479622004,0.4744316551902161,6.0,293.0,3.0,1.0,0.0,Sales,High,No,No
0.6687219616136828,0.948458127200969,3.0,227.0,8.0,1.0,0.0,HR,Low,No,Yes
0.28093671898200206,0.3276833451235077,6.0,133.0,2.0,0.0,0.0,HR,Low,No,No
0.1444346563366976,0.2667276140387744,3.0,228.0,3.0,1.0,1.0,Support,Low,Yes,No
0.9916385394357343,0.08623883997080016,6.0,296.0,3.0,1.0,1.0,Technical,Medium,Yes,No
0.969269045988902,0.7187632715434185,6.0,169.0,1.0,1.0,0.0,Sales,Low,No,No
0.8679536656917277,0.4162069589293716,3.0,170.0,6.0,0.0,0.0,Sales,Low,Yes,Yes
0.3652821341786959,0.9200571036917886,5.0,307.0,2.0,0.0,0.0,Sales,Low,Yes,No
0.18307116582642885,0.5693701148466772,6.0,91.0,1.0,1.0,1.0,Sales,Medium,No,No
0.7373529633301205,0.9655375075476414,4.0,267.0,2.0,1.0,0.0,HR,Low,Yes,No
0.5092386112906518,0.27975087329347814,5.0,229.0,6.0,0.0,1.0,Support,High,No,Yes
0.1933774815907623,0.8934958867955882,3.0,204.0,4.0,1.0,1.0,Management,Medium,Yes,Yes
0.5846579090772022,0.7639943980591748,5.0,179.0,6.0,0.0,0.0,Technical,Low,No,No
0.10129921830010605,0.8411951757715136,2.0,112.0,9.0,1.0,0.0,Sales,Medium,No,No
,,,,,,,,,,
,,,,,,,,,,
0.7319377926095499,0.6895945829808483,6.0,202.0,8.0,0.0,0.0,Support,Low,No,No
0.4125259966624857,0.2291507682539148,4.0,217.0,9.0,0.0,1.0,HR,Low,No,No
0.5645417259635187,0.09736864686153338,5.0,151.0,6.0,0.0,1.0,Management,Low,No,Yes
0.5909837281252683,0.9058339827220787,2.0,127.0,5.0,0.0,1.0,Support,Low,Yes,No
,,,,,,,,,,
1.022367245002287,0.8219820844133917,5.0,255.0,6.0,1.0,1.0,Support,Low,No,Yes
0.8195293343710427,0.5465748075476111,6.0,284.0,9.0,0.0,0.0,Support,Medium,No,No
0.981313295761617,0.2043751528498096,6.0,150.0,4.0,1.0,1.0,Management,Low,No,Yes
0.9024685179692916,0.17533017436328768,2.0,218.0,2.0,1.0,1.0,HR,High,No,No
0.6061994245667209,0.7051479329172636,2.0,262.0,9.0,0.0,1.0,Sales,Low,No,No
0.9019359305553319,0.4789350488520746,6.0,245.0,2.0,1.0,0.0,Technical,Low,No,No
0.210374945015173,0.3060214507582151,3.0,238.0,9.0,1.0,1.0,Management,Low,Yes,No
0.25805172440977275,0.5829546510706486,6.0,211.0,2.0,0.0,1.0,HR,Medium,No,No
,,,,,,,,,,
0.37783051136164014,0.6176353497950469,4.0,102.0,9.0,1.0,0.0,HR,Low,Yes,No
0.4605363984485656,0.32187685139667105,4.0,244.0,9.0,1.0,1.0,Technical,Low,No,No
0.35048234771618697,0.812179508210671,4.0,189.0,9.0,0.0,1.0,Technical,Medium,No,Yes
0.8553843416362278,0.4052623989830542,3.0,224.0,2.0,0.0,1.0,Sales,Low,No,Yes
0.38340360113665206,0.4950147434148976,3.0,111.0,4.0,1.0,0.0,Sales,Low,No,Yes
0.3574326019749933,0.13053277930180537,6.0,163.0,7.0,1.0,0.0,Technical,Low,No,Yes
0.5971699940848487,0.22974097786648032,4.0,270.0,2.0,1.0,0.0,Management,Medium,Yes,No
0.22101932978549774,0.43649285795335124,3.0,296.0,1.0,0.0,0.0,Management,High,No,No
0.8755439915276265,0.5234894887863982,2.0,296.0,3.0,0.0,1.0,Support,Low,No,No
0.12014286178824662,0.6328171991228884,6.0,221.0,4.0,0.0,1.0,Sales,Low,No,No
0.944661825670003,0.43160972723800906,5.0,112.0,8.0,1.0,0.0,Support,Low,Yes,No
,,,,,,,,,,
0.2773859756029746,0.9140990468947938,5.0,159.0,2.0,1.0,1.0,Technical,Low,No,Yes
0.07360297820068121,0.7989228621275337,4.0,305.0,9.0,1.0,1.0,Management,Medium,No,No
0.8358504856158173,0.14510807943147572,5.0,173.0,2.0,1.0,0.0,Management,Low,No,No
0.7687813169997268,0.5548496275851678,4.0,190.0,5.0,0.0,0.0,Technical,High,No,Yes
0.7110739853749909,0.1788187061148152,2.0,173.0,4.0,1.0,0.0,Support,Low,No,Yes
0.8116861635330191,0.34947564698712047,5.0,293.0,7.0,1.0,0.0,Support,Medium,No,No
0.17992480386304602,0.9816957723101978,6.0,250.0,8.0,1.0,1.0,HR,Low,No,No
0.41311543318594374,0.19794396681601828,4.0,117.0,5.0,0.0,0.0,Sales,Low,Yes,No
0.20736811658957285,0.5805008245481877,6.0,225.0,5.0,1.0,0.0,Support,Low,No,No
0.8878742504422487,0.6783095737806959,3.0,90.0,2.0,0.0,1.0,Technical,Low,No,No
0.6764957661462758,0.7124166453847613,4.0,254.0,8.0,0.0,1.0,Support,Low,Yes,No
0.37044738260075544,0.6345826786853556,5.0,152.0,2.0,0.0,1.0,Management,Medium,Yes,Yes
0.1926241954215425,0.08046874444170225,4.0,111.0,6.0,0.0,1.0,Sales,High,Yes,No
0.40976966500011625,0.40268660531943007,6.0,159.0,8.0,0.0,1.0,HR,Low,No,No
0.42065300966969277,0.5192188651959168,2.0,214.0,6.0,1.0,0.0,Sales,Low,Yes,Yes
0.7082446394075795,0.16832162838411666,4.0,238.0,4.0,1.0,0.0,Management,Low,No,No
0.7043311162208583,0.3947335926842766,5.0,185.0,4.0,0.0,0.0,Management,Low,No,No
0.888935903351225,0.09222187867076515,3.0,252.0,6.0,0.0,1.0,Management,Low,No,Yes
0.5359227626387351,0.17073535653713182,2.0,168.0,4.0,0.0,0.0,Management,Medium,No,No
0.15054831843912925,0.469961645087864,3.0,94.0,8.0,1.0,1.0,Technical,High,Yes,Yes
0.7195045915489118,0.23844380472671628,4.0,149.0,9.0,1.0,0.0,HR,High,No,No
0.8052114854188702,0.6100504113728221,6.0,209.0,1.0,0.0,0.0,Management,Low,No,Yes
0.6257798495472736,0.7329258688128208,6.0,135.0,4.0,1.0,1.0,Management,Medium,No,No
0.7576012621848062,0.7863066174973816,5.0,267.0,4.0,1.0,1.0,Support,Medium,Yes,No
0.5604055999467853,0.2535921583991078,6.0,265.0,2.0,0.0,0.0,HR,Low,No,Yes
0.5455156584344613,0.24946548046383948,2.0,223.0,6.0,0.0,0.0,Sales,Low,No,No
0.4720176572844076,0.16371680640678107,6.0,306.0,3.0,1.0,0.0,HR,Medium,No,No
0.08489619637903456,0.6701663321422862,5.0,145.0,7.0,1.0,0.0,HR,Low,No,No
0.21030049355727284,0.7204997542562437,4.0,199.0,5.0,1.0,0.0,HR,Low,No,Yes
0.16262054232749446,0.12524419104872891,4.0,276.0,4.0,0.0,1.0,Management,Low,No,No
,,,,,,,,,,
0.35276911759064716,0.09863548582697024,3.0,288.0,8.0,0.0,1.0,Technical,Low,No,No
0.5586145879686177,0.5684891417549064,4.0,193.0,3.0,1.0,1.0,Sales,High,Yes,Yes
0.8728229128217613,0.7001971190550282,6.0,166.0,7.0,1.0,0.0,Support,Medium,Yes,No
0.36093027480350803,0.8012686852881991,5.0,235.0,6.0,0.0,0.0,HR,Medium,Yes,No
0.47057268789517886,0.7544771731420097,6.0,91.0,1.0,1.0,1.0,Sales,Low,Yes,Yes
,,,,,,,,,,
0.3159744681964639,0.43625586932011895,5.0,164.0,7.0,1.0,1.0,Technical,Low,No,No
,,,,,,,,,,
0.34338408815443455,0.1650588422060404,2.0,214.0,9.0,1.0,0.0,HR,Low,No,No
0.2636723266745914,0.9129783310304844,5.0,127.0,6.0,1.0,0.0,Support,Low,Yes,No
0.9891074444422829,0.5703611537588614,2.0,265.0,2.0,0.0,1.0,Technical,Low,Yes,No
0.8197134293135854,0.7847221782238208,3.0,116.0,5.0,0.0,1.0,Management,Low,Yes,No
0.7052244684166323,0.5456242266966737,5.0,109.0,4.0,0.0,1.0,Sales,Low,Yes,No
0.9076805865093571,0.6804304281851776,2.0,229.0,7.0,0.0,1.0,HR,Low,No,No
0.8104191003292083,0.5685866128913563,4.0,132.0,8.0,0.0,0.0,Management,High,No,No
0.30300532169651223,0.7504992438314043,4.0,278.0,1.0,1.0,0.0,Technical,Low,Yes,No
0.9305778690421407,0.1878091142188421,3.0,120.0,5.0,0.0,0.0,Support,Medium,No,No
0.5256401532091812,0.14645782041244404,5.0,180.0,3.0,0.0,0.0,Sales,Low,No,No
0.8510483578900068,0.30531847053859434,5.0,150.0,1.0,0.0,1.0,HR,Low,No,Yes
0.9484156709515937,0.22993105761901977,5.0,291.0,3.0,0.0,0.0,Management,High,No,Yes
0.3549773179503921,0.8819470635435259,3.0,284.0,6.0,0.0,0.0,Management,Low,No,No
0.16058981490725105,0.265419667100587,5.0,198.0,7.0,1.0,0.0,Sales,Low,No,Yes
0.3162387861698407,1.022426836996228,4.0,180.0,8.0,0.0,1.0,Support,Medium,No,No
0.5273590086660045,0.38178732350812594,2.0,252.0,4.0,0.0,1.0,Technical,Low,Yes,No
0.8073611670345786,0.23614471855739536,4.0,184.0,3.0,0.0,1.0,Support,Medium,No,Yes
0.8226637524736121,0.7986623638859904,4.0,232.0,5.0,1.0,0.0,Support,Low,No,No
0.09639657437673475,0.717274770454758,2.0,233.0,9.0,1.0,1.0,Support,Low,No,No
0.542215742917077,0.5419447781650125,4.0,102.0,6.0,0.0,0.0,Sales,Low,No,No
0.42986583302757597,0.6349262636716922,3.0,202.0,9.0,0.0,0.0,Sales,Low,No,No
0.28247477545184474,0.7401099210799688,2.0,124.0,6.0,1.0,0.0,Technical,Medium,Yes,No
0.22046420826766036,0.26737517993395565,4.0,292.0,2.0,1.0,1.0,Support,Medium,No,No
0.45568778679300304,0.9749512951870166,6.0,276.0,5.0,1.0,1.0,Sales,Low,No,No
0.9668481104958103,0.9594168227837894,4.0,238.0,9.0,0.0,0.0,Technical,Low,No,No
0.4141848329581058,0.7094574281274325,3.0,271.0,8.0,0.0,0.0,Technical,Medium,No,Yes
0.5373506027771552,0.2662509169175172,5.0,292.0,7.0,1.0,1.0,Support,Low,No,Yes
0.7271661839161837,0.6745843199232917,4.0,247.0,1.0,0.0,1.0,HR,Low,Yes,No
0.4233929225620584,0.11657290012159019,5.0,137.0,4.0,1.0,1.0,Support,Low,No,No
0.9797787963904729,0.07505277402514954,6.0,124.0,7.0,1.0,0.0,HR,Low,No,No
0.9879029701660664,0.409608811866588,4.0,175.0,7.0,1.0,0.0,Technical,Medium,No,No
0.3585859873084847,0.4975190296224512,2.0,255.0,6.0,0.0,0.0,Sales,High,Yes,No
0.5509572766491663,0.8932819881938647,5.0,248.0,8.0,1.0,1.0,Management,Low,No,No
0.35431082060806834,0.7137980639527123,6.0,295.0,6.0,1.0,1.0,Technical,Low,No,No
0.3967221416489143,0.8068292099046137,2.0,241.0,3.0,0.0,1.0,Sales,Low,No,Yes
0.15175403382880986,0.45427654161908043,2.0,203.0,4.0,1.0,0.0,Technical,Low,No,No
0.6685442582468976,0.46612212106362916,2.0,266.0,3.0,0.0,0.0,Support,Low,No,No
0.5488167769305496,0.4891582147142254,2.0,189.0,1.0,1.0,1.0,HR,Medium,Yes,No
0.18648764149151337,0.9565373787729258,4.0,249.0,5.0,0.0,0.0,Technical,Low,Yes,No
0.31228812343017076,0.17717117819133554,4.0,272.0,1.0,1.0,1.0,Sales,Low,No,No
0.9467898563570728,0.9363220734460883,4.0,296.0,1.0,1.0,0.0,Support,Low,No,No
0.34663937146967516,0.5719197828049423,6.0,275.0,2.0,1.0,1.0,Management,Low,Yes,No
0.20297708159683817,0.4453859072269089,6.0,188.0,4.0,1.0,0.0,Support,Low,Yes,No
0.5195837995900845,0.6872162493843276,6.0,92.0,6.0,1.0,0.0,HR,Medium,Yes,No
0.9514526690911747,0.5118088625381296,3.0,297.0,8.0,0.0,1.0,Support,Low,No,No
0.33531152547865,0.8598335065850226,6.0,286.0,3.0,0.0,1.0,Management,Medium,Yes,No
0.6225523850676046,0.8999802731503947,4.0,174.0,1.0,1.0,1.0,Sales,Low,No,No
0.7966963543856405,0.4416997131453138,4.0,214.0,3.0,1.0,1.0,Technical,Low,No,Yes
0.2870854539261958,0.3707520100999565,3.0,227.0,3.0,1.0,1.0,HR,Low,Yes,No
0.7304707974258567,0.6309142076244081,3.0,172.0,5.0,0.0,0.0,Management,Low,No,No
0.37365653527203574,0.9327316744424564,6.0,114.0,4.0,0.0,1.0,HR,Low,Yes,No
0.643413044027617,0.3208876469792645,5.0,157.0,4.0,1.0,1.0,Support,Low,No,No
0.7128942750955176,0.6678926101960506,3.0,150.0,9.0,0.0,1.0,HR,Medium,Yes,No
,,,,,,,,,,
0.19259423762853112,0.7353597587479233,4.0,216.0,4.0,1.0,1.0,Technical,Low,No,No
0.8172735588972795,0.2469254423556837,2.0,108.0,3.0,1.0,1.0,Technical,Low,Yes,No
0.42077778194472576,0.748113565778438,4.0,260.0,6.0,0.0,1.0,HR,Low,Yes,Yes
0.28815139457333194,0.9265633095945477,4.0,283.0,3.0,1.0,0.0,Sales,Low,No,No
0.13316757570705257,0.2418428176041233,3.0,163.0,6.0,1.0,0.0,HR,Low,Yes,Yes
0.6369523793592105,0.3190067145035267,3.0,150.0,9.0,1.0,1.0,Support,Medium,No,Yes
,,,,,,,,,,
0.07996938904731783,0.269300267243123,4.0,242.0,4.0,0.0,1.0,Technical,Low,No,Yes
0.5355969565723708,0.8620563241676817,2.0,109.0,5.0,0.0,0.0,Technical,Low,No,No
0.3275374332987049,0.5614666215829891,5.0,137.0,6.0,1.0,1.0,Sales,Low,No,No
0.7264001523365973,0.280145451422196,2.0,300.0,3.0,0.0,0.0,Sales,Medium,No,No
0.26440536579647084,0.8814271262160185,6.0,176.0,8.0,1.0,1.0,Management,Low,No,No
0.7407786224804356,0.5210843266496846,2.0,241.0,4.0,0.0,1.0,HR,Low,Yes,No
0.48613535363341936,0.5622371083558996,6.0,228.0,8.0,1.0,0.0,HR,Medium,Yes,No
0.930259048876839,0.37733025248671026,6.0,199.0,3.0,0.0,1.0,Support,Low,No,Yes
0.21770416244325627,0.6076638894281663,6.0,272.0,7.0,1.0,1.0,Technical,Medium,No,No
0.4314302850463885,0.28801694630824465,5.0,117.0,9.0,0.0,1.0,Sales,Low,No,No
0.26550419372592765,0.4478767821220692,2.0,286.0,4.0,0.0,1.0,Support,Low,Yes,No
0.952475232902282,0.9454213640967932,2.0,280.0,8.0,0.0,0.0,Support,Medium,No,No
0.8991080262067161,0.36762711864275566,5.0,148.0,3.0,1.0,1.0,Sales,Low,Yes,No
0.3123894064460669,0.7364900646526306,4.0,222.0,7.0,0.0,0.0,HR,Low,Yes,No
0.6882604866452193,0.35463729893859874,3.0,140.0,3.0,0.0,0.0,Technical,Low,No,No
0.8606256168387457,0.784910687338847,2.0,238.0,7.0,0.0,0.0,HR,Low,Yes,Yes
0.6174211523376472,0.2096688877711418,3.0,101.0,6.0,0.0,0.0,Support,Medium,No,No
0.5620134804438889,0.9859962260350734,5.0,139.0,2.0,1.0,1.0,Technical,Medium,Yes,No
0.3592999636469997,0.5045889427646686,4.0,221.0,3.0,0.0,1.0,Management,High,No,No
0.2193339353051291,0.31367290425123306,4.0,202.0,6.0,1.0,0.0,Support,Medium,No,Yes
0.9066713834545957,0.16561889206672564,4.0,259.0,4.0,1.0,1.0,HR,Low,Yes,No
0.9184067922457553,0.31599674120402255,5.0,301.0,6.0,1.0,0.0,HR,Low,Yes,No
0.6507769280709889,0.5872054494467543,6.0,255.0,1.0,1.0,1.0,HR,Low,No,Yes
0.3857394340575043,0.3911917453265006,6.0,242.0,1.0,0.0,1.0,Sales,Low,No,No
0.42041314656756584,0.8416644404476212,3.0,103.0,3.0,1.0,1.0,Support,Low,No,No
0.7265849177424989,0.5041942747092729,6.0,292.0,8.0,1.0,0.0,Technical,High,Yes,No
0.9294544237027382,0.291345465837981,6.0,121.0,8.0,1.0,0.0,HR,Low,No,No
0.888088216886556,0.6681039281845388,4.0,228.0,4.0,1.0,1.0,HR,Low,No,No
0.8315049290247173,0.7447783045219919,4.0,278.0,6.0,0.0,0.0,Sales,Low,No,Yes
0.6774316642221245,0.2240614281974197,3.0,235.0,8.0,0.0,0.0,Technical,Medium,No,No
0.12229800516887915,0.18056265569432944,2.0,244.0,7.0,1.0,1.0,Support,Medium,Yes,Yes
0.23883547854124956,0.07789108901050058,3.0,144.0,7.0,1.0,0.0,Management,Medium,Yes,No
0.9132061691863195,0.7531144886365735,3.0,271.0,4.0,1.0,1.0,Sales,Low,No,Yes
0.5979875531231709,0.7272105691434622,5.0,299.0,9.0,0.0,1.0,Support,Medium,No,No
0.06077233827145604,0.516523602889296,5.0,209.0,6.0,0.0,1.0,Management,Low,Yes,No
0.18437241641316598,0.8859800613034833,3.0,304.0,3.0,0.0,0.0,HR,Medium,No,No
0.7301376685699752,0.8189998642530397,3.0,164.0,5.0,0.0,1.0,HR,Low,Yes,Yes
0.11894170971135795,0.5984666545002636,3.0,110.0,5.0,0.0,1.0,Technical,Low,Yes,No
0.2395667051736143,0.8416495015060805,6.0,261.0,5.0,1.0,0.0,Management,Low,Yes,Yes
0.5644206871458864,0.262202738350963,5.0,222.0,8.0,0.0,0.0,HR,Medium,Yes,Yes
0.6929603706920917,0.2042221126654923,3.0,176.0,9.0,0.0,0.0,HR,Low,No,No
0.7094735366513834,0.33863189688808554,4.0,258.0,9.0,1.0,0.0,Technical,Medium,No,No
0.3059455865647285,0.14255492314174878,4.0,148.0,6.0,0.0,1.0,Support,Low,Yes,No
0.7656321867225141,0.5738032583882408,6.0,178.0,6.0,0.0,0.0,HR,Low,Yes,No
0.34612001057061575,0.973151226664974,6.0,271.0,9.0,0.0,0.0,Sales,Low,No,No
0.3763789628406038,0.19638726119698025,2.0,291.0,4.0,1.0,0.0,Sales,Low,Yes,No
0.7832035708386703,0.18786529651674788,2.0,239.0,6.0,0.0,0.0,Support,Low,No,No
0.6971643713084336,0.5043566887068714,2.0,172.0,4.0,1.0,1.0,Management,Low,Yes,Yes
0.8390776630223258,0.9033591395519984,6.0,154.0,1.0,1.0,0.0,Technical,Medium,No,No
0.670649852576832,0.3795637249429079,6.0,153.0,7.0,0.0,1.0,Sales,Low,Yes,No
0.6316826101593875,0.5505527492358356,6.0,160.0,6.0,0.0,0.0,Sales,High,Yes,No
0.18005201854272315,0.1464399908757122,4.0,93.0,9.0,0.0,1.0,Support,Low,Yes,Yes
0.40381353327688807,0.25634909457499755,6.0,282.0,7.0,0.0,1.0,Management,Medium,Yes,No
0.3154260940479908,0.9537095903962092,4.0,232.0,7.0,1.0,0.0,Management,Low,No,No
0.28148505673313495,0.9636234167867471,2.0,193.0,2.0,0.0,1.0,Support,Low,No,Yes
0.9692523563571492,0.09169047514637053,2.0,293.0,9.0,1.0,0.0,Sales,Low,Yes,No
0.41913277854282,0.9647635106085668,2.0,239.0,9.0,1.0,1.0,Technical,Low,Yes,No
0.9030667229681463,0.7220129330539906,3.0,303.0,6.0,1.0,1.0,Sales,Medium,No,No
0.7384363104097434,0.8604852765905222,3.0,264.0,3.0,1.0,1.0,Management,Low,No,Yes
0.8338105523139928,0.5282756507480934,5.0,298.0,1.0,1.0,0.0,Sales,Low,No,No
0.5820132712128325,0.6101659310844822,5.0,182.0,4.0,0.0,1.0,Technical,Medium,No,No
0.6320191355959155,0.5146215261599396,5.0,263.0,3.0,1.0,0.0,HR,Low,No,No
0.49052074418194686,0.7044173920106651,3.0,231.0,1.0,1.0,1.0,Sales,Medium,No,Yes
0.28379655915645075,0.23415612043412515,3.0,267.0,3.0,0.0,1.0,Support,Low,No,Yes
0.7295202043874285,0.0911134726407116,5.0,237.0,4.0,0.0,1.0,HR,Medium,No,No
0.3252660228946009,0.39737497394787363,5.0,267.0,8.0,1.0,1.0,Support,Low,Yes,Yes
0.11320457652658307,0.7636813547577623,6.0,201.0,9.0,1.0,1.0,Support,Low,Yes,No
0.6989311235700222,0.25995985513742514,5.0,250.0,3.0,0.0,1.0,Support,Low,Yes,No
0.2508439015457395,0.7013107773878855,6.0,208.0,6.0,1.0,0.0,Sales,High,No,No
,,,,,,,,,,
0.9654965537522541,0.21155974946978512,3.0,132.0,6.0,0.0,0.0,HR,Low,No,Yes
0.9295199498078403,0.7359608554226592,5.0,296.0,4.0,1.0,1.0,Technical,Medium,Yes,Yes
,,,,,,,,,,
0.14857734553353852,0.8547285637085748,3.0,129.0,7.0,1.0,1.0,Sales,Medium,No,No
0.9189719770485733,0.24806738072626802,3.0,207.0,9.0,1.0,0.0,Support,High,Yes,No
0.47067089664243583,0.7587600036160409,4.0,109.0,7.0,1.0,0.0,Technical,Low,No,Yes
0.9604535693301774,0.8478350841216815,2.0,255.0,6.0,0.0,1.0,HR,Low,No,No
0.985070943072013,0.9545532145115598,5.0,220.0,1.0,1.0,1.0,Management,Medium,No,No
0.8891158801953458,0.7145573281825107,2.0,245.0,2.0,0.0,0.0,Management,Medium,No,No
0.35319128569039654,0.5911805685173924,2.0,273.0,1.0,1.0,0.0,Technical,Low,No,Yes
0.4769057149271492,0.6488065210412345,2.0,179.0,9.0,1.0,0.0,Sales,Low,No,Yes
0.8405897428826937,0.8759297974353091,3.0,183.0,9.0,0.0,0.0,HR,Medium,No,Yes
0.4113860385458215,0.6452310210891264,6.0,102.0,7.0,1.0,1.0,Technical,Low,No,No
0.2607301804865786,0.16490689819065635,3.0,294.0,2.0,1.0,0.0,Support,Low,Yes,No
0.6005219290400426,0.908671503009554,3.0,155.0,6.0,0.0,1.0,HR,Low,No,No
0.9541937162919591,0.6616144494664478,2.0,126.0,4.0,0.0,1.0,Management,Low,Yes,No
0.7264283932180828,0.7097839488709604,3.0,266.0,1.0,0.0,0.0,Technical,Medium,Yes,No
0.6176569611683261,0.3094012423998845,2.0,155.0,1.0,1.0,1.0,Management,Low,No,No
0.262182205096276,0.6994523213917618,6.0,125.0,5.0,0.0,0.0,Management,Medium,No,Yes
0.6768296983015747,0.43163790814292713,5.0,271.0,2.0,0.0,1.0,Management,Low,No,No
0.9737351870291141,0.745917942795641,2.0,115.0,4.0,1.0,1.0,Sales,Low,Yes,No
0.22084235342003383,0.16794184309212146,6.0,164.0,1.0,0.0,0.0,Management,Medium,Yes,No
0.6062461674345312,0.6490864491147235,5.0,289.0,4.0,1.0,1.0,Support,Low,Yes,No
0.878155866056782,1.0346346116027603,4.0,197.0,6.0,1.0,1.0,Support,Low,Yes,No
0.8210232201349452,0.1273910196251716,2.0,257.0,4.0,0.0,0.0,HR,Low,No,Yes
0.7529611498624079,1.0309570378955288,2.0,132.0,1.0,1.0,1.0,Management,Low,Yes,Yes
0.6893192258667444,0.46251328405795245,4.0,239.0,7.0,0.0,1.0,Management,Low,No,Yes
0.44605000337229106,0.8683567424630738,4.0,237.0,2.0,0.0,0.0,Technical,Medium,Yes,No
0.2953095253070795,0.8148990021410598,2.0,97.0,9.0,0.0,0.0,Sales,Medium,No,Yes
0.8195480913246973,0.6356500234675763,4.0,118.0,3.0,0.0,1.0,HR,Medium,Yes,No
0.8556557356799462,0.8248166034973486,3.0,129.0,8.0,1.0,1.0,Management,Low,Yes,No
0.8240126048204902,0.9158602138814417,5.0,307.0,8.0,1.0,1.0,Technical,Low,Yes,No
0.9808845055184823,0.4921323395011728,5.0,247.0,3.0,0.0,0.0,Sales,Low,No,No
0.5890528317666857,0.3726316210064726,5.0,298.0,4.0,0.0,1.0,HR,Low,No,No
0.5206339270698833,0.7287665462254128,3.0,217.0,2.0,1.0,1.0,HR,Low,No,Yes
0.8656003702235018,0.8487679316112046,4.0,173.0,4.0,0.0,1.0,Management,Low,No,Yes
,,,,,,,,,,
0.6997726025421455,0.7787326348451913,4.0,272.0,2.0,0.0,1.0,Technical,Low,No,No
0.777546567714375,0.46291213018695604,2.0,233.0,3.0,1.0,1.0,HR,Low,No,No
0.8407514438794407,0.8245023467478518,5.0,263.0,4.0,1.0,0.0,Support,Medium,Yes,No
0.39000502644102475,0.20416821588030243,4.0,151.0,5.0,1.0,0.0,Technical,Low,Yes,No
0.44573452248744055,0.6123766182695437,6.0,96.0,1.0,0.0,1.0,Sales,Medium,Yes,No
0.18483878878840584,0.13840702949575806,2.0,297.0,7.0,0.0,1.0,Sales,Medium,Yes,No
0.6239113505310526,0.44246451174087176,3.0,134.0,7.0,0.0,0.0,Management,High,No,No
0.13157741060207195,0.44279350311039845,3.0,276.0,9.0,0.0,0.0,Management,Low,Yes,No
0.48455640638327213,0.4164069982089566,6.0,273.0,4.0,0.0,0.0,Support,Medium,Yes,No
0.5749254472719518,0.702973263356086,2.0,265.0,6.0,1.0,1.0,Sales,Low,Yes,No
0.2774727277531831,0.44312487029343556,5.0,244.0,2.0,1.0,1.0,Sales,Medium,No,Yes
0.6623867232431945,0.5321213810262556,4.0,270.0,4.0,1.0,1.0,Sales,Low,No,No
0.13283829715007683,0.3286498054972602,2.0,304.0,2.0,1.0,1.0,Sales,Low,Yes,No
0.1320496805075063,0.4172281975395557,3.0,177.0,5.0,1.0,0.0,HR,Low,Yes,No
0.8633822510589898,0.2665909327157857,6.0,162.0,7.0,1.0,0.0,Technical,Low,Yes,No
0.4455291395379523,0.15097035218098362,6.0,252.0,1.0,1.0,0.0,Technical,Medium,No,Yes
0.19916462927886633,0.6028865536540605,4.0,268.0,7.0,0.0,0.0,Support,Medium,Yes,No
0.5664936307775927,0.6964108441941725,6.0,301.0,6.0,1.0,1.0,HR,Medium,No,No
0.8369840578005026,0.6733479577040221,6.0,126.0,6.0,0.0,1.0,Sales,Low,No,No
0.2724413189304822,0.5288771893187862,2.0,298.0,8.0,1.0,0.0,Sales,Medium,No,No
0.7067167225078764,0.4257460675051793,5.0,208.0,8.0,1.0,0.0,Management,Low,Yes,No
0.16949013104726046,0.880845249387367,4.0,146.0,6.0,0.0,0.0,Management,Medium,No,No
0.09275333637473626,0.5308084656803644,2.0,97.0,3.0,1.0,0.0,Support,High,No,No
0.5826855992337137,0.5094266722192455,5.0,296.0,5.0,0.0,0.0,Sales,Low,Yes,Yes
0.5792583508929233,0.12933139393516577,2.0,184.0,2.0,1.0,1.0,Support,Medium,Yes,No
0.6295520324016973,0.47749347244945833,2.0,206.0,5.0,0.0,1.0,HR,Low,Yes,Yes
0.7475696590365213,0.4804107909595595,6.0,199.0,9.0,1.0,0.0,Technical,Low,Yes,Yes
0.9654348984882097,0.4207435249258714,5.0,109.0,1.0,0.0,0.0,Sales,Low,Yes,No
0.6162158464631227,0.6453311623578835,4.0,213.0,5.0,0.0,0.0,HR,Low,No,No
0.4190546700236705,0.5852613623896371,4.0,142.0,6.0,1.0,1.0,Sales,Medium,No,Yes
0.7911612175915719,0.6560996936329923,5.0,208.0,7.0,1.0,1.0,Management,Low,No,No
0.3177922191813901,0.8665660242284328,6.0,101.0,9.0,0.0,1.0,Support,Low,Yes,Yes
0.5300174260419541,0.8154392111944789,3.0,266.0,6.0,1.0,0.0,Management,Low,No,No
0.2063755012423035,0.7658373765037596,2.0,106.0,5.0,0.0,1.0,Technical,Medium,Yes,No
0.11000659795253147,0.9830527199320239,6.0,153.0,7.0,1.0,0.0,Management,High,No,No
0.9555725977908235,0.09915340942516859,5.0,131.0,1.0,0.0,1.0,Sales,Medium,Yes,No
0.8461852681890641,0.21721198595456637,2.0,183.0,5.0,1.0,1.0,Management,Medium,Yes,No
0.7386995427532592,0.07011954899523762,4.0,246.0,2.0,0.0,1.0,Sales,Low,No,No
0.49176927872425996,0.687648661993574,3.0,236.0,4.0,1.0,0.0,Technical,Low,Yes,No
0.2833217594704146,0.9368881518939188,4.0,100.0,7.0,0.0,0.0,Management,Low,No,No
0.2083310955325574,0.33623339398621604,5.0,187.0,5.0,0.0,1.0,Support,Low,No,No
0.31920873906063923,0.9458703244962788,2.0,267.0,6.0,1.0,0.0,Support,Medium,No,No
0.5273644939065535,0.16003021421213137,5.0,160.0,2.0,1.0,0.0,Support,Low,No,No
,,,,,,,,,,
0.6483644744450932,0.41916835375222145,6.0,147.0,7.0,0.0,0.0,Management,Low,Yes,Yes
,,,,,,,,,,
0.9931213108555017,0.5541355419846189,6.0,109.0,6.0,0.0,0.0,Sales,Low,No,No
0.7717011885801907,0.37918150457706096,6.0,139.0,5.0,1.0,0.0,Technical,Medium,Yes,No
0.6104723007546365,0.3425344169887803,5.0,191.0,1.0,0.0,1.0,Support,Medium,Yes,No
0.6500691401937019,0.36308750107868143,3.0,305.0,4.0,0.0,0.0,Sales,Medium,No,No
0.5221134659068409,0.7989244702675974,2.0,227.0,2.0,0.0,0.0,Support,Low,No,Yes
0.3011649537646506,0.5080159825030072,2.0,249.0,4.0,1.0,1.0,Sales,High,No,No
0.42490829103692007,0.3984231119817989,4.0,141.0,1.0,0.0,1.0,Management,Low,Yes,No
0.7833057052557629,0.65012683350676,2.0,104.0,2.0,1.0,1.0,Support,Low,No,No
,,,,,,,,,,
0.26414910818638393,0.3255424593376857,6.0,220.0,6.0,1.0,0.0,Support,Low,No,Yes
0.10337220526705146,0.4865484082525475,6.0,126.0,2.0,1.0,1.0,HR,Medium,No,No
0.08455241767370864,0.21051982352228427,6.0,215.0,6.0,1.0,1.0,Sales,Low,Yes,No
0.8732397764148385,0.3063425909971369,3.0,129.0,9.0,1.0,0.0,HR,Low,No,Yes
0.711908902107665,0.7107263982442652,2.0,161.0,7.0,1.0,0.0,Sales,High,No,No
0.46035816559727516,0.2725706104781917,5.0,129.0,9.0,0.0,0.0,Technical,Low,No,No
0.2012758037472129,0.617161153239353,3.0,145.0,5.0,0.0,1.0,Support,Medium,No,No
0.5472535035868227,0.7300908773240141,4.0,240.0,7.0,1.0,0.0,Technical,Low,No,Yes
0.5636685954042546,0.18698836765491,5.0,193.0,7.0,0.0,1.0,Technical,Medium,No,No
,,,,,,,,,,
0.4342293635321705,0.283226195258466,5.0,199.0,7.0,1.0,0.0,HR,Low,Yes,No
,,,,,,,,,,
0.5923445499197602,0.5314739965699024,5.0,225.0,9.0,1.0,0.0,Sales,Low,No,No
0.7149026788724708,0.8046706730021757,2.0,182.0,6.0,0.0,0.0,Management,High,No,No
0.1701740473466292,0.6158514833375524,5.0,183.0,5.0,1.0,0.0,Technical,Low,Yes,No
0.4785000319821408,0.12289680911314488,6.0,145.0,7.0,1.0,0.0,Management,Low,No,No
0.6799938512275621,0.6731605643693801,5.0,149.0,5.0,0.0,0.0,HR,Low,No,Yes
0.507987317074947,0.9320198421914454,4.0,227.0,5.0,0.0,1.0,Sales,Low,No,Yes
0.857879100666954,0.6485641294265334,4.0,128.0,7.0,1.0,1.0,HR,Medium,Yes,Yes
0.7137749127443824,0.9023903608452694,6.0,117.0,7.0,1.0,0.0,HR,High,No,Yes
0.1990184477493945,0.8984284306494094,2.0,138.0,3.0,1.0,1.0,Sales,Low,Yes,No
,,,,,,,,,,
,,,,,,,,,,
0.18789682585882056,0.6752742670459368,6.0,102.0,6.0,0.0,0.0,Support,Low,Yes,No
0.658666080772842,0.46741092888284586,5.0,125.0,6.0,0.0,0.0,Support,Medium,Yes,Yes
,,,,,,,,,,
0.6208540322094883,0.9384750819688457,3.0,115.0,3.0,1.0,1.0,HR,Medium,Yes,Yes
0.4662973773172262,0.4145685855256486,6.0,175.0,8.0,1.0,1.0,Sales,Medium,No,No
0.6983145359172162,0.34062834497971306,6.0,93.0,8.0,1.0,0.0,Sales,Low,Yes,No
,,,,,,,,,,
0.596403106485016,0.36019569604772245,2.0,281.0,4.0,1.0,1.0,Sales,Medium,Yes,No
0.8706591231737176,0.8459832907068989,5.0,255.0,4.0,1.0,1.0,Support,Low,Yes,Yes
0.38238533377024814,0.48083621888309974,3.0,216.0,3.0,0.0,0.0,HR,Medium,No,No
0.9712619221860895,0.7168493916590585,4.0,177.0,5.0,0.0,1.0,Sales,Low,No,No
,,,,,,,,,,
0.240221654679112,0.6170963260611861,4.0,209.0,8.0,0.0,1.0,Technical,Medium,No,No
0.19281475674813386,0.48984908534663213,2.0,304.0,7.0,1.0,1.0,Technical,Low,Yes,No
0.23558514750962078,0.6587168608304241,5.0,111.0,3.0,0.0,1.0,Technical,Low,No,No
0.1441783267449981,0.2574444751109782,5.0,219.0,9.0,0.0,1.0,HR,Medium,No,No
0.17919841162190076,0.7534836240868137,6.0,120.0,5.0,1.0,1.0,Support,Low,No,No
0.7191877407984868,0.932856917698171,4.0,208.0,9.0,0.0,0.0,Support,Low,Yes,Yes
0.16338631897791503,0.3243597560965879,2.0,100.0,7.0,1.0,0.0,Support,Low,No,No
0.3964194539192229,0.22239484682628965,5.0,309.0,7.0,0.0,1.0,HR,Low,No,Yes
0.8292755921517403,0.11338021287483514,3.0,135.0,6.0,0.0,1.0,HR,Low,Yes,Yes
,,,,,,,,,,
0.831787373699905,0.6475569378990461,3.0,279.0,9.0,0.0,0.0,Sales,Low,Yes,No
0.36011448153523296,0.5589455138009092,2.0,286.0,6.0,0.0,0.0,Management,Medium,No,No
,,,,,,,,,,
0.7000466524205503,0.4482715289660698,5.0,99.0,1.0,0.0,0.0,Sales,Low,No,Yes
0.6648167764143963,0.6377706301836789,2.0,257.0,5.0,1.0,1.0,Technical,Low,No,No
0.8819470646844277,0.5797214503646955,5.0,217.0,1.0,0.0,1.0,Sales,Low,Yes,No
0.8187847167028034,0.9866772109265984,3.0,241.0,8.0,1.0,1.0,Sales,Low,No,No
0.8274928362484425,0.2221018999045959,5.0,188.0,8.0,0.0,1.0,Management,Low,No,No
0.3702127879615084,0.7335629959387953,4.0,261.0,1.0,1.0,1.0,Technical,Low,Yes,No
0.2898941963041591,0.4750806013971309,6.0,201.0,9.0,1.0,1.0,HR,Medium,No,No
0.8056145550190423,0.49894089503584965,3.0,149.0,2.0,0.0,1.0,Management,Medium,No,No
0.768963470217659,0.770609505939136,4.0,279.0,9.0,0.0,0.0,HR,Medium,Yes,No
,,,,,,,,,,
0.49033972691088945,0.9943267016301061,3.0,234.0,9.0,1.0,0.0,Sales,Medium,Yes,No
0.4339044732536492,0.21663660649119754,6.0,154.0,4.0,1.0,1.0,Support,Low,No,No
0.749960519345396,0.15051117328199243,6.0,146.0,9.0,0.0,1.0,Support,Medium,No,No
0.37869713531811783,0.7067161471865508,2.0,272.0,7.0,0.0,0.0,Technical,Low,No,No
0.9133650603800836,0.6011631605905733,2.0,195.0,6.0,1.0,0.0,Support,Medium,No,Yes
0.8798469413006885,0.3304451132249844,3.0,270.0,5.0,1.0,1.0,HR,Medium,No,No
0.497024329241845,0.1628230794365681,5.0,273.0,9.0,0.0,0.0,Support,Low,No,Yes
0.8257151231607219,0.18384485779602833,2.0,98.0,2.0,1.0,1.0,Technical,Low,Yes,Yes
0.7803785343708234,0.9148227705653,5.0,111.0,2.0,0.0,1.0,Technical,Low,No,No
0.19610691549004225,0.23285734196623453,4.0,230.0,9.0,0.0,0.0,HR,Medium,No,No
0.8698908988246347,0.36289858710638506,6.0,178.0,3.0,0.0,0.0,Support,Medium,No,No
0.5453251214051755,0.27391496302791923,5.0,265.0,8.0,1.0,0.0,Support,Medium,No,No
0.9082015469295726,0.41643116591314144,6.0,107.0,9.0,1.0,0.0,Sales,Low,Yes,No
0.40026333113850004,0.16084219969563165,5.0,204.0,8.0,1.0,1.0,Management,Medium,No,No
0.8932034117404556,0.5999724179534942,4.0,293.0,4.0,1.0,0.0,Technical,Low,Yes,No
0.46246599292396784,0.13248820048037324,2.0,257.0,1.0,0.0,0.0,Sales,Medium,No,No
0.14125832448806463,0.8432591840741271,4.0,234.0,4.0,1.0,0.0,Technical,Low,Yes,No
0.9249338379705808,0.2655715102710438,2.0,232.0,9.0,0.0,0.0,Sales,Low,No,No
0.20494745769729106,0.5905765524583466,2.0,195.0,2.0,0.0,0.0,Management,Low,Yes,No
0.41877955037930503,0.9065480432743103,6.0,104.0,3.0,0.0,1.0,Sales,Medium,Yes,Yes
,,,,,,,,,,
0.9698716934076315,0.6307408048371999,5.0,152.0,6.0,0.0,0.0,Support,Low,Yes,Yes
0.6020524017670572,0.46133397944304577,4.0,256.0,8.0,0.0,0.0,Technical,Low,Yes,No
0.6517157912305108,0.4121619892406144,6.0,102.0,7.0,1.0,1.0,HR,High,No,No
0.4975851041298657,0.6604539097233272,2.0,170.0,5.0,0.0,0.0,HR,Low,No,No
0.32026828005830743,1.1042749532165383,6.0,121.0,9.0,1.0,1.0,HR,Medium,Yes,No
0.4110659476422561,0.7342630955411129,3.0,226.0,4.0,1.0,1.0,HR,Low,Yes,No
0.6861112725295816,0.6309094718726188,3.0,129.0,6.0,1.0,0.0,Management,Low,No,Yes
0.7853676715532767,0.7471860706087272,5.0,237.0,2.0,0.0,1.0,Support,Medium,No,No
0.8255171816004206,0.5163434212412434,6.0,307.0,2.0,1.0,0.0,Support,Medium,No,No
0.7704981378284258,0.1252385591323798,5.0,308.0,2.0,1.0,0.0,Technical,Low,No,No
0.19230191902488025,0.6301741987558872,5.0,302.0,7.0,1.0,1.0,Sales,Low,Yes,No
,,,,,,,,,,
0.1676605240958144,0.2815569013284215,5.0,166.0,2.0,0.0,0.0,Technical,Low,Yes,Yes
0.6080776228658653,0.6978057605304395,3.0,297.0,9.0,1.0,1.0,Technical,Medium,No,Yes
0.5201098402444414,0.30851320259603915,2.0,290.0,7.0,0.0,0.0,Technical,Low,No,No
,,,,,,,,,,
0.4044547265789286,0.22814681866839115,5.0,165.0,3.0,0.0,1.0,Sales,High,Yes,No
0.1955200712459535,0.5733439084231485,3.0,261.0,7.0,1.0,0.0,Technical,Medium,Yes,No
0.2115163200570499,0.7884984813555068,4.0,127.0,5.0,0.0,0.0,Support,Low,Yes,No
0.8208919683613183,0.450955223115246,5.0,300.0,6.0,1.0,0.0,Technical,Medium,No,No
0.7107207151238689,0.7410970576601479,2.0,277.0,8.0,0.0,1.0,HR,Low,Yes,Yes
0.19253287666553048,0.8193625450795884,2.0,160.0,9.0,0.0,0.0,Technical,Low,No,Yes
0.15035520866062266,0.9378040811250626,4.0,137.0,1.0,0.0,0.0,Technical,High,Yes,No
0.7216583314910285,0.3181383807940969,3.0,107.0,3.0,1.0,1.0,Management,Medium,No,No
0.19937016293119425,0.44691043212529624,5.0,233.0,7.0,0.0,1.0,HR,Medium,No,No
0.8566184179760559,0.22718902580517392,3.0,272.0,6.0,0.0,0.0,Sales,Low,No,No
0.7410180489970665,1.0267407577930117,2.0,128.0,7.0,0.0,0.0,Technical,Low,No,No
,,,,,,,,,,
0.12934668031759997,0.5855191501465828,2.0,276.0,6.0,1.0,0.0,HR,Low,No,No
0.9835536277369884,0.8501999233900474,3.0,178.0,3.0,0.0,1.0,Technical,Medium,No,No
0.4283711908231763,0.5838083607434579,4.0,151.0,2.0,0.0,1.0,Management,Low,No,No
0.41736440525733765,0.7290121926988697,6.0,230.0,7.0,0.0,0.0,Support,Medium,No,Yes
0.8384487236681009,0.17431695201463204,4.0,198.0,1.0,1.0,0.0,Management,Low,No,No
1.0025135853539142,0.7367558776683728,4.0,170.0,3.0,0.0,0.0,Management,Low,No,Yes
0.9905935609104654,0.21318569840499968,6.0,223.0,4.0,0.0,1.0,Support,Low,No,No
0.7979489324007473,0.8108149590923371,6.0,300.0,1.0,0.0,0.0,Support,Low,Yes,No
0.4381793662375828,0.8077095278726932,5.0,166.0,5.0,0.0,0.0,Support,Low,Yes,Yes
0.17816822643880614,0.7171406869489219,5.0,277.0,3.0,1.0,1.0,Technical,High,No,Yes
0.834222890301928,0.1348924157634697,4.0,179.0,2.0,0.0,1.0,Sales,Low,No,Yes
0.6112107888387401,0.3341902502735807,4.0,103.0,3.0,0.0,0.0,Sales,High,No,No
0.5033685102509711,0.3320256776818473,2.0,184.0,8.0,1.0,0.0,Support,Low,No,Yes
0.9571955802826018,0.3902132726570376,2.0,143.0,6.0,1.0,1.0,Management,High,No,No
0.21088681941410015,0.21759724892313204,5.0,221.0,7.0,1.0,0.0,HR,Low,No,Yes
0.5473368672366762,0.918274205027921,5.0,128.0,6.0,0.0,0.0,Support,High,Yes,Yes
0.1321079327604044,0.61663301702406,2.0,161.0,6.0,1.0,1.0,Management,Low,No,No
0.500534327872484,0.3753717778364785,2.0,114.0,3.0,0.0,1.0,Management,Medium,No,No
0.13104849145634156,0.465967401279197,3.0,166.0,8.0,1.0,1.0,Technical,High,Yes,Yes
0.18723723324132038,0.5111900204650844,3.0,249.0,7.0,0.0,0.0,Technical,Low,No,No
0.1952821193379433,0.6580894833633902,2.0,276.0,7.0,1.0,1.0,Sales,Low,No,No
0.6443927816055224,0.5991855060281301,3.0,280.0,6.0,0.0,1.0,Sales,Low,Yes,No
0.7203080712081167,0.9580001331138591,6.0,255.0,5.0,1.0,0.0,HR,High,Yes,No
0.605346119980298,0.5957813302738026,5.0,209.0,8.0,0.0,0.0,HR,Low,No,No
0.8994345134156557,0.9580794008495047,5.0,309.0,5.0,0.0,1.0,HR,Low,Yes,No
0.448517064693767,0.8297578448706365,2.0,142.0,9.0,0.0,1.0,HR,Low,Yes,Yes
0.36296258856113905,0.3397152366901322,4.0,284.0,9.0,0.0,0.0,Management,Low,Yes,No
0.9022336139984081,0.9568746561696131,2.0,245.0,1.0,0.0,0.0,Management,Medium,No,No
0.27202475761211353,0.16807955324354004,3.0,220.0,6.0,0.0,1.0,Sales,Low,No,Yes
0.9849677189618914,0.8316136245162664,4.0,297.0,7.0,0.0,1.0,Technical,Medium,No,Yes
0.08574321830786294,0.4561106803103085,3.0,239.0,3.0,0.0,0.0,Technical,High,Yes,Yes
0.9932238561289441,0.8885884408057125,6.0,185.0,7.0,1.0,1.0,Support,Low,No,No
0.0853427033132968,0.8983724766376501,3.0,255.0,7.0,0.0,0.0,Management,Medium,Yes,No
0.8928811302667846,0.794761759485607,6.0,289.0,2.0,0.0,1.0,HR,Low,Yes,No
0.5580268581436227,0.8090949793357295,6.0,161.0,7.0,1.0,0.0,HR,Medium,No,Yes
1.0139085054670227,0.3735286219420744,3.0,151.0,1.0,0.0,0.0,Support,Low,Yes,No
0.19346008913434026,0.1487990588981083,3.0,274.0,5.0,1.0,1.0,Technical,Medium,No,No
0.6365646287462112,0.4515005090948364,6.0,95.0,9.0,0.0,1.0,HR,Low,No,No
0.909572529537246,0.24610070426331912,4.0,295.0,7.0,1.0,0.0,Technical,Low,Yes,No
0.6148863406824681,0.6967184208241473,6.0,121.0,7.0,1.0,1.0,Support,Low,No,No
0.6422314431081568,0.3914768358694084,5.0,188.0,2.0,0.0,1.0,Technical,Low,No,No
0.7812430408083456,0.9857291182063391,6.0,227.0,8.0,1.0,1.0,Technical,Medium,No,No
0.576711262642875,0.6507635086380296,4.0,220.0,3.0,0.0,0.0,Technical,Low,Yes,No
0.6957323530529803,0.8197534482479993,5.0,276.0,8.0,0.0,1.0,HR,Medium,No,No
0.6042812497902885,0.1689125381435621,2.0,165.0,3.0,0.0,1.0,Sales,Low,Yes,No
0.8726656591415376,0.9232089084641796,2.0,266.0,7.0,0.0,0.0,Management,Medium,No,Yes
0.11884246069564007,0.9577806392935645,4.0,148.0,2.0,1.0,1.0,Technical,Low,Yes,No
0.3671137270341479,0.5761430869316562,6.0,120.0,4.0,0.0,1.0,Technical,Low,No,Yes
0.9281003183328892,0.6608319857446215,3.0,182.0,6.0,1.0,0.0,Technical,Low,Yes,No
0.8442470327324112,0.7988332070335645,4.0,158.0,9.0,1.0,0.0,Sales,Medium,Yes,No
0.5424330471488704,0.2536651897287336,5.0,279.0,5.0,0.0,1.0,Support,Low,No,Yes
0.6419891592613888,0.5890078289909871,5.0,141.0,9.0,0.0,1.0,HR,Medium,No,Yes
0.3774357191564607,0.4607079220782416,2.0,178.0,5.0,0.0,0.0,Sales,Medium,No,No
0.2931494556878861,0.17119086192316993,5.0,216.0,8.0,0.0,0.0,Technical,Low,No,No
0.5259287387622718,0.37201260035271255,4.0,258.0,1.0,1.0,1.0,Sales,Medium,Yes,No
0.44518076587955796,0.1709032810732727,5.0,120.0,7.0,0.0,1.0,Sales,Low,No,No
0.6744231061242048,0.09121223760365046,4.0,302.0,4.0,1.0,1.0,Sales,Low,No,No
0.19292559008666738,0.22292145984373046,3.0,173.0,5.0,0.0,0.0,Support,Medium,Yes,No
1.0037301162504564,0.9927665714456926,2.0,216.0,6.0,0.0,1.0,Management,Medium,No,No
1.0016293108286218,0.5651135793532369,5.0,239.0,5.0,0.0,0.0,HR,Medium,No,Yes
0.7170082696744867,0.9610123929323132,4.0,221.0,1.0,0.0,0.0,Support,Low,No,No
0.5892489050659052,0.4821028304699319,6.0,102.0,9.0,1.0,0.0,Support,Low,No,No
0.3862724324672657,0.35400185532233763,2.0,134.0,2.0,1.0,1.0,Management,Low,No,No
0.8446742812751908,0.5171256718847235,3.0,216.0,9.0,0.0,1.0,Support,Medium,Yes,No
0.7300077646576794,0.46722788339889915,4.0,259.0,2.0,1.0,1.0,Sales,Low,Yes,No
0.23628016114804506,0.15519087882203458,3.0,203.0,9.0,1.0,0.0,Sales,Medium,No,Yes
0.9541832359382947,0.6746685013222277,3.0,266.0,6.0,0.0,1.0,Technical,Low,Yes,No
0.824182133051311,0.2842624653722852,5.0,109.0,9.0,0.0,0.0,Support,Low,Yes,Yes
0.961826293449614,0.6441940791052734,5.0,294.0,6.0,1.0,0.0,Technical,Low,No,Yes
0.7654511870989301,0.6473976393846738,4.0,170.0,6.0,1.0,0.0,HR,Low,No,Yes
0.6185017621280942,0.2731600983908394,6.0,271.0,2.0,1.0,0.0,Sales,Low,Yes,No
0.5268547812119851,0.14132183494196413,4.0,253.0,8.0,1.0,0.0,HR,Medium,No,No
0.9387695925694741,0.876998332717653,6.0,218.0,3.0,0.0,0.0,Management,Medium,No,No
0.8501904336420208,0.5359552195308139,3.0,232.0,7.0,0.0,1.0,Sales,Low,Yes,No
0.14001091504526694,0.08813357491247403,2.0,294.0,5.0,1.0,0.0,HR,Low,No,No
0.09076507608389928,1.0370330492059538,4.0,106.0,3.0,0.0,1.0,Management,Low,No,No
0.4226012820705742,0.1289265150881796,4.0,241.0,1.0,1.0,0.0,HR,Medium,No,No
0.8120146983059634,0.7021921571628753,6.0,147.0,8.0,1.0,1.0,Management,Low,No,No
0.9859250449522202,0.9818382158513195,3.0,161.0,3.0,0.0,1.0,Management,High,Yes,No
0.2809431029307725,0.3540139438957776,3.0,308.0,2.0,1.0,1.0,Sales,Low,No,No
0.6331909460139378,0.24570148000533953,6.0,198.0,1.0,1.0,1.0,Technical,Low,Yes,No
0.4449324482387393,0.21547419998940073,3.0,112.0,4.0,0.0,0.0,Management,High,No,No
0.9556899253473821,0.34534346118786435,5.0,263.0,8.0,0.0,0.0,Management,Low,No,Yes
,,,,,,,,,,
0.8490074319586268,0.6904781906678082,4.0,97.0,1.0,1.0,0.0,Technical,Low,Yes,No
0.5174859082617761,0.19128664345690186,2.0,148.0,4.0,0.0,1.0,Support,Low,Yes,No
0.49121202731124725,0.5699943341303845,4.0,307.0,9.0,1.0,1.0,Support,Low,Yes,Yes
0.3217549509791808,0.9821289442888617,5.0,200.0,1.0,1.0,1.0,Technical,Medium,No,No
0.18799443688035927,0.8937655237590039,3.0,276.0,2.0,0.0,0.0,HR,Medium,Yes,Yes
0.79913012566708,0.6773616572823057,6.0,102.0,9.0,0.0,1.0,Sales,Low,No,No
0.8272073048249281,0.3967590399070252,5.0,256.0,2.0,0.0,0.0,Technical,High,Yes,No
1.0407616354355014,0.66310012666401,2.0,245.0,3.0,0.0,1.0,Support,Low,No,No
1.0362020408364192,0.5356875934380921,6.0,306.0,7.0,0.0,1.0,Management,Low,Yes,Yes
0.6047511779465856,0.4811345432555352,3.0,278.0,3.0,0.0,1.0,Support,Low,No,Yes
0.7657024218879842,0.26812677361724246,5.0,105.0,9.0,1.0,1.0,Management,Low,No,No
0.9459978881628538,0.8586733437848529,6.0,208.0,6.0,1.0,1.0,Sales,Low,No,Yes
0.9377443222017052,0.5170184779687396,5.0,91.0,3.0,0.0,0.0,Management,High,No,No
0.3412628653784788,0.32182919822592654,5.0,299.0,9.0,0.0,1.0,Technical,Low,No,No
0.45898344582767325,0.47332982638149873,3.0,234.0,1.0,1.0,0.0,Management,Low,No,Yes
0.22248741932388164,0.442997369824414,4.0,119.0,3.0,1.0,0.0,HR,Low,Yes,Yes
0.9420418479485563,0.823652883650689,6.0,192.0,1.0,1.0,0.0,Technical,Medium,Yes,No
0.6119020458716368,0.7630276829121156,3.0,102.0,2.0,0.0,0.0,Sales,Medium,No,Yes
0.32447944801442324,0.803615406818564,5.0,185.0,8.0,0.0,0.0,Technical,Low,No,Yes
0.6708907569650151,0.14845178859560976,3.0,183.0,7.0,1.0,0.0,HR,Low,No,No
0.7064494472915372,0.46396587750071433,4.0,171.0,2.0,0.0,0.0,Sales,Low,Yes,No
0.460232342705172,0.5583691396370924,6.0,102.0,2.0,0.0,0.0,Support,Low,Yes,No
0.17811158543537084,0.043080426911611985,4.0,260.0,9.0,0.0,1.0,HR,Low,Yes,Yes
0.6762349661423438,0.32202031787773183,2.0,302.0,6.0,1.0,1.0,Sales,Low,Yes,No
0.5901978408466112,0.8083406766995265,6.0,183.0,5.0,1.0,0.0,Management,Low,Yes,No
0.8305328946042005,0.2450049200825377,4.0,238.0,6.0,0.0,0.0,Technical,Low,Yes,No
0.5624503947408681,0.5512522467393118,5.0,201.0,9.0,0.0,0.0,Sales,Low,Yes,No
0.8993536538863898,0.3207950849345943,6.0,144.0,7.0,0.0,1.0,Technical,High,No,No
0.6499334792812435,0.06739395735678996,6.0,170.0,9.0,0.0,1.0,Management,High,Yes,No
0.6098972528204456,0.35589335260318544,3.0,257.0,4.0,0.0,0.0,Sales,Low,No,Yes
0.8591293745487556,0.9738699960813569,5.0,300.0,2.0,1.0,0.0,Support,Low,Yes,No
0.48356552936033004,0.806460019152779,2.0,205.0,8.0,0.0,1.0,HR,Low,No,No
0.2242954552176816,0.9510580740198147,4.0,232.0,4.0,0.0,1.0,Sales,Low,No,No
0.12035335245372597,0.5513712001843104,3.0,290.0,9.0,0.0,0.0,Management,Medium,Yes,No
0.8025512971179432,0.2624111988683048,4.0,269.0,4.0,1.0,0.0,Sales,Low,No,Yes
0.6962119143005914,0.6265430376845599,2.0,291.0,8.0,1.0,0.0,Technical,Medium,Yes,No
0.7355803433531714,0.4755848031392417,2.0,197.0,9.0,0.0,0.0,Sales,High,No,No
0.22162573456300375,0.8287607948201493,6.0,142.0,9.0,1.0,1.0,Support,Low,Yes,No
0.2235944448284416,0.13282590808936873,2.0,304.0,4.0,1.0,1.0,Sales,Low,No,Yes
0.11680888755398038,0.5492660302310517,4.0,217.0,1.0,1.0,0.0,HR,Low,No,No
0.4975773659656618,0.23491383774098556,5.0,269.0,3.0,1.0,0.0,Sales,Low,Yes,No
0.633888644132767,0.4088212737748395,5.0,247.0,9.0,1.0,0.0,Technical,Low,No,No
0.44486043961319044,0.7449701801127833,6.0,250.0,4.0,1.0,1.0,Sales,Low,Yes,No
0.5106943878457546,0.5181052803666484,4.0,146.0,5.0,0.0,0.0,Support,Medium,No,No
0.9009956024960939,0.39643713296001204,4.0,141.0,7.0,1.0,0.0,Management,Low,No,No
0.38941620201862054,0.4931004961698175,2.0,226.0,5.0,1.0,0.0,Sales,Low,No,No
,,,,,,,,,,
0.7921342298222444,0.7849316322601748,3.0,200.0,2.0,0.0,0.0,HR,Medium,No,No
0.40276613091386854,0.9289971450852577,2.0,90.0,2.0,0.0,1.0,Support,Low,No,No
0.6684974110558293,0.9157281074979798,3.0,133.0,4.0,0.0,0.0,Management,Medium,Yes,No
0.8864750647229442,0.8264908374586695,6.0,164.0,9.0,1.0,0.0,Technical,Low,Yes,No
0.970892585060492,0.3569558086875195,5.0,187.0,8.0,1.0,0.0,Sales,Low,Yes,Yes
0.19906694423841706,0.7165223310644784,6.0,297.0,3.0,1.0,1.0,Management,Low,No,No
0.8868386771618708,0.431956277689076,5.0,98.0,9.0,1.0,0.0,Technical,Low,Yes,No
0.601723919726714,0.34732557508969975,6.0,121.0,5.0,0.0,0.0,Support,Medium,No,No
0.3276409835521297,0.9215008780305999,4.0,104.0,3.0,1.0,1.0,Support,Medium,Yes,No
0.5309942995352928,0.09210973836889794,3.0,229.0,5.0,1.0,1.0,Management,Medium,Yes,Yes
0.9839873277123633,0.944650031328955,5.0,295.0,4.0,0.0,1.0,Technical,Low,No,No
0.5623483119954532,0.5185808006201313,2.0,274.0,8.0,1.0,0.0,Support,Low,No,No
0.40684111216582847,0.6860381217544813,3.0,225.0,5.0,1.0,1.0,Management,Low,No,Yes
0.6459395964113076,0.6545989345613444,2.0,161.0,8.0,1.0,0.0,Support,Low,No,No
0.33625465711861313,0.8790395237279335,3.0,244.0,9.0,1.0,1.0,Support,Medium,No,No
0.17911797085127004,0.6726237841545493,3.0,279.0,4.0,0.0,1.0,Support,Medium,Yes,Yes
0.16953019211442252,0.6435074048310393,6.0,101.0,7.0,0.0,1.0,HR,Low,Yes,No
0.22883611700038334,0.16447209223266712,5.0,154.0,2.0,0.0,0.0,Technical,Low,No,No
0.22838661932521667,0.5260913736167026,5.0,196.0,6.0,0.0,0.0,Management,Low,No,Yes
0.19999722019642388,0.25831271268656086,3.0,131.0,8.0,0.0,0.0,Management,Low,No,No
0.7092602719838018,0.7716507135276769,4.0,279.0,7.0,1.0,0.0,Technical,Low,Yes,No
0.2578443137541456,0.593177076704885,4.0,204.0,7.0,1.0,0.0,Technical,Low,Yes,No
0.40875740299085955,0.7194953923274371,2.0,228.0,8.0,0.0,0.0,Technical,Low,Yes,Yes
0.912677488973403,0.20767086168736595,2.0,192.0,7.0,0.0,0.0,Technical,Low,No,No
0.5290292883161792,0.24022720150552362,6.0,260.0,5.0,0.0,0.0,Sales,Low,No,No
,,,,,,,,,,
0.3036824946831559,0.15933146993294667,2.0,106.0,3.0,0.0,1.0,Sales,Medium,Yes,No
,,,,,,,,,,
0.08789613104044217,0.06932192457566799,3.0,302.0,7.0,1.0,0.0,Support,High,No,Yes
0.25134012608967493,0.953164453538288,6.0,174.0,9.0,1.0,0.0,Management,Low,Yes,No
0.32181746603643263,0.7406820894881987,2.0,257.0,2.0,1.0,0.0,Support,Low,No,No
0.22709745487307947,0.3964373487485445,6.0,240.0,4.0,0.0,0.0,Technical,Low,Yes,No
0.17952797035372062,0.3805416195741438,5.0,145.0,7.0,1.0,1.0,Sales,Low,Yes,No
0.2182403441434406,0.362722036969201,6.0,223.0,1.0,1.0,1.0,Technical,Medium,No,No
0.504789716950481,0.7645249313094674,4.0,175.0,2.0,0.0,0.0,Support,Low,No,No
0.27629807560923825,0.6408476753993254,4.0,267.0,9.0,1.0,1.0,Sales,High,No,No
0.4239849338440546,0.22942383571449534,6.0,191.0,7.0,1.0,1.0,Technical,Medium,No,Yes
0.5484719227122653,0.24188329450984802,4.0,254.0,7.0,1.0,0.0,Management,Low,Yes,No
,,,,,,,,,,
0.08623345846585734,0.7479839533968318,3.0,143.0,3.0,1.0,0.0,Support,Medium,No,No
0.8462167526613221,0.7381768680235287,4.0,289.0,3.0,1.0,0.0,Sales,Low,No,No
0.6262717894945512,0.3663131244045214,4.0,266.0,2.0,0.0,1.0,Management,Medium,No,No
0.1498675188360719,0.09110106727878522,6.0,204.0,6.0,0.0,0.0,Sales,Low,Yes,No
0.8433738805721321,0.1749004037704028,5.0,228.0,4.0,1.0,1.0,Management,Low,Yes,No
0.9350180760891419,0.9873037246053147,3.0,177.0,5.0,1.0,0.0,Sales,Low,No,No
0.12868230007988748,0.41216557741604826,6.0,138.0,3.0,0.0,1.0,Support,Low,Yes,No
0.344485267305927,0.8618777317981735,6.0,238.0,6.0,1.0,0.0,Management,Medium,No,No
0.8077133106181755,0.6912788503321521,5.0,204.0,3.0,0.0,0.0,HR,Low,Yes,Yes
0.7383767955704339,0.42575033944121804,3.0,283.0,8.0,1.0,1.0,Sales,Medium,Yes,Yes
0.19470019564380292,0.24384339133762145,5.0,152.0,9.0,0.0,1.0,Sales,Low,Yes,No
0.27225703217582625,0.2169718742448458,3.0,193.0,4.0,1.0,1.0,Technical,Low,No,Yes
0.39369735769388714,0.669376378406867,5.0,172.0,9.0,0.0,0.0,Management,Low,Yes,No
0.5555876340005466,0.7653552648529603,6.0,192.0,7.0,0.0,1.0,HR,Low,No,Yes
0.7224271119623241,0.703272262554747,6.0,245.0,3.0,0.0,1.0,Support,Low,No,No
0.4848977758702096,0.5671632753795891,2.0,106.0,7.0,0.0,1.0,Technical,Low,Yes,Yes
0.517566160423353,0.10608571076410007,4.0,95.0,1.0,0.0,1.0,HR,Medium,No,No
0.7462670803604596,0.974104886641147,5.0,236.0,3.0,1.0,1.0,Management,Low,No,No
0.0715045231023875,0.7929219760066112,2.0,273.0,6.0,1.0,1.0,HR,Low,No,No
0.3174369666782136,0.3253140922570689,4.0,117.0,4.0,0.0,1.0,Sales,Medium,No,No
0.7126351979673382,0.9886116739280932,5.0,283.0,7.0,1.0,1.0,Sales,Medium,Yes,No
0.8878818743044725,0.6524595383739947,3.0,127.0,3.0,1.0,1.0,Technical,Low,Yes,No
0.5110347211484192,0.6090399926629809,4.0,208.0,1.0,1.0,0.0,Management,Low,No,Yes
0.6010824698867022,0.7782411110986744,6.0,126.0,9.0,1.0,0.0,Management,Medium,Yes,No
0.2152767955385484,0.8642497302203789,2.0,204.0,6.0,1.0,1.0,HR,Low,No,No
0.4725358407588709,0.7149648565306708,4.0,157.0,8.0,1.0,0.0,Technical,Low,No,No
0.6056756157402741,0.19521613798627407,4.0,303.0,3.0,0.0,0.0,Management,Low,Yes,Yes
0.32178847527676785,0.40083829537292004,6.0,307.0,8.0,1.0,1.0,Sales,Medium,No,No
0.35590671871302404,0.919030294095709,5.0,266.0,2.0,1.0,1.0,HR,Low,Yes,No
0.46322327037690336,0.2579874234402187,3.0,132.0,4.0,1.0,1.0,Support,High,Yes,No
0.1309497041472528,0.4492804014804213,6.0,253.0,3.0,0.0,1.0,Sales,Low,Yes,No
0.3653817319722955,0.5200805615379483,3.0,147.0,1.0,1.0,1.0,Technical,Medium,No,Yes
0.3214791533983027,0.4857768088113004,5.0,102.0,7.0,1.0,1.0,Management,Low,Yes,No
0.41318224358711964,0.6570446623285999,4.0,141.0,2.0,1.0,0.0,Sales,Low,No,No
0.2336207192659649,0.9964153958738278,3.0,147.0,4.0,0.0,1.0,Support,Medium,No,No
0.860120634442439,0.3507497128547157,2.0,121.0,9.0,1.0,0.0,Support,Low,No,No
0.5859915681885591,0.19241076018436018,2.0,298.0,6.0,0.0,1.0,Technical,Low,No,No
0.7553854017508423,0.2776107407155344,6.0,194.0,8.0,1.0,1.0,Sales,Low,No,Yes
0.790857198596896,0.8787568529265485,5.0,277.0,2.0,0.0,0.0,HR,Low,Yes,No
0.5575730656636311,0.6868758173187827,6.0,172.0,7.0,0.0,1.0,Sales,Low,No,No
0.21619109624981614,0.36121401476892906,6.0,275.0,6.0,0.0,1.0,Support,Medium,No,No
0.6289890620358177,0.7954134520322121,6.0,188.0,9.0,1.0,0.0,Technical,Low,No,Yes
,,,,,,,,,,
0.7543367902427306,0.7980517231365819,2.0,273.0,1.0,0.0,0.0,HR,Low,No,Yes
0.4814007086101373,0.8988337117146973,6.0,117.0,8.0,0.0,1.0,Technical,Medium,No,No
0.22112095532583145,0.34238215541757383,2.0,218.0,3.0,0.0,1.0,Technical,Medium,No,No
0.3652466321028848,0.7842981484425541,5.0,259.0,2.0,1.0,0.0,Technical,Low,No,No
0.4085202391353904,0.5384052340568257,6.0,299.0,3.0,1.0,1.0,Technical,Low,No,Yes
0.6004037110221586,0.8615818138473056,2.0,137.0,6.0,1.0,0.0,Technical,High,Yes,Yes
0.5879231640056352,0.7541148871112456,3.0,129.0,3.0,1.0,0.0,Support,Low,No,Yes
0.4136101966373147,0.8557371131338727,6.0,186.0,5.0,0.0,0.0,Sales,Medium,No,No
0.9897109934011556,0.6798219148537287,6.0,280.0,6.0,1.0,1.0,Management,Medium,No,Yes
0.7012009739171283,0.24844512221219192,5.0,293.0,8.0,0.0,1.0,Technical,Medium,No,No
0.3420133999593077,0.5914882513571066,4.0,289.0,7.0,1.0,0.0,Management,Low,No,No
0.17615099947560434,0.9666659257251923,4.0,305.0,8.0,1.0,1.0,Management,Medium,Yes,No
0.2551125455551356,0.9477115917530872,5.0,297.0,3.0,1.0,1.0,Support,Medium,No,No
0.24006382159800918,0.1182688984100817,5.0,203.0,4.0,0.0,1.0,Technical,Low,No,Yes
0.27678292494376644,0.2370604796945298,5.0,221.0,6.0,1.0,0.0,Management,Low,Yes,No
0.25510918408759486,0.19764112658138988,4.0,255.0,7.0,1.0,1.0,Technical,Low,No,Yes
0.365615442461525,0.6966663337703884,5.0,244.0,9.0,1.0,0.0,HR,Low,No,No
0.26089450722224494,0.7675116231900317,2.0,226.0,1.0,0.0,1.0,HR,Low,No,No
0.9407869405378532,0.24728650118397447,6.0,200.0,8.0,1.0,1.0,HR,Low,Yes,No
0.1595397119319904,0.59423267543443,6.0,233.0,8.0,1.0,0.0,Management,Low,No,No
0.5946866121966357,0.8622542278627088,3.0,273.0,6.0,0.0,1.0,HR,Low,No,No
0.4809400519223309,0.7455956018085336,3.0,165.0,4.0,0.0,0.0,Support,Low,No,Yes
0.9836773560683909,0.5588121809662513,6.0,120.0,3.0,1.0,1.0,Support,Medium,Yes,No
,,,,,,,,,,
,,,,,,,,,,
0.9650254081320602,0.3446468575771718,4.0,231.0,8.0,0.0,1.0,Sales,Low,No,No
0.8685319140618881,0.5532444251718337,2.0,114.0,7.0,0.0,1.0,Technical,Low,No,No
0.8525644126296233,0.6530687921185494,4.0,123.0,1.0,0.0,0.0,Technical,Medium,Yes,No
0.29596618312582645,0.9038415000475573,5.0,156.0,6.0,1.0,0.0,Technical,Medium,No,No
0.2521624779639304,0.7205898187468374,6.0,241.0,7.0,0.0,0.0,Technical,High,No,No
0.7454865472104303,0.7988922897570294,6.0,207.0,7.0,1.0,1.0,Sales,Low,No,No
0.926802712739291,0.24849505633795543,2.0,162.0,9.0,0.0,0.0,HR,High,No,No
0.6131495510484767,0.5738924349942771,4.0,115.0,5.0,0.0,0.0,Technical,Low,No,No
0.5403014951893642,0.1250253826058804,3.0,237.0,1.0,0.0,0.0,Support,Medium,Yes,Yes
0.3025779243878928,0.3197675995233764,3.0,281.0,2.0,1.0,0.0,Management,Low,No,No
0.7860098586313425,0.7667846737595243,4.0,193.0,4.0,1.0,0.0,Management,Medium,Yes,No
0.2677412581710062,1.0170865613505247,3.0,99.0,5.0,1.0,0.0,Support,Low,Yes,Yes
0.3912403137658045,0.2052844794847289,2.0,300.0,9.0,1.0,0.0,Technical,Medium,No,No
0.5457238292832629,0.4454316412881788,2.0,156.0,1.0,0.0,0.0,Sales,Medium,No,No
,,,,,,,,,,
0.32253238834945774,0.2592113590501516,3.0,94.0,5.0,0.0,0.0,Management,Low,No,No
0.17850856840749382,0.5990694494395913,2.0,284.0,3.0,1.0,1.0,HR,Medium,No,No
0.6721067726306952,0.7719178618562188,2.0,275.0,4.0,1.0,1.0,Sales,Low,No,No
0.32548919270867005,0.7051643498619825,5.0,116.0,3.0,0.0,0.0,Management,Low,No,No
0.5990298442937754,0.28316043163991333,5.0,297.0,4.0,0.0,1.0,HR,Low,Yes,No
0.212955940472305,0.42049228310159514,2.0,202.0,1.0,1.0,1.0,Sales,Low,No,Yes
0.5547110407256133,0.7979861241166087,4.0,104.0,8.0,1.0,0.0,HR,Low,No,No
0.5837796124962021,0.5824797935837294,6.0,252.0,4.0,0.0,0.0,Technical,Low,No,No
0.1585048618681347,0.08839765388037626,6.0,293.0,7.0,0.0,0.0,Sales,Low,Yes,No
0.39418242860273284,0.7812061566757625,2.0,194.0,2.0,0.0,1.0,HR,Low,Yes,No
0.25627795568523526,0.157474971891376,2.0,270.0,2.0,0.0,0.0,Technical,Medium,Yes,No
0.1553521477992037,0.7317697168023669,2.0,133.0,6.0,0.0,1.0,Technical,High,Yes,No
1.0489595212319147,0.3029832890530637,4.0,115.0,2.0,1.0,0.0,Sales,Medium,No,No
0.4280833530157985,0.943042542725513,5.0,264.0,6.0,1.0,1.0,Support,Low,Yes,No
0.7857248331226113,0.40896868501909334,2.0,251.0,2.0,1.0,1.0,Management,High,Yes,No
0.3491560522354128,0.4053211228661623,2.0,304.0,4.0,1.0,0.0,Sales,Low,Yes,No
0.748034542955417,0.21874745225101175,3.0,184.0,7.0,0.0,0.0,Technical,Low,Yes,No
0.7677679356473074,0.3942929496226233,4.0,267.0,8.0,0.0,1.0,Technical,High,Yes,Yes
0.6523436919141503,0.9016430457080281,2.0,173.0,3.0,0.0,1.0,Sales,Medium,No,No
0.47566286852243395,1.0241736258879492,3.0,229.0,9.0,1.0,0.0,Support,Medium,No,No
0.44011954455741215,0.46955203495843095,6.0,304.0,2.0,0.0,0.0,Management,Medium,Yes,No
0.40245095687473786,0.44839958977352234,2.0,221.0,8.0,0.0,1.0,HR,Low,No,No
0.8993661225408318,0.7561331938708014,2.0,176.0,8.0,1.0,0.0,Sales,Low,No,No
0.8516558196918296,0.8778071466587987,3.0,265.0,4.0,1.0,1.0,Management,Medium,Yes,No
0.9895114457666054,0.6425409863197911,4.0,272.0,1.0,1.0,0.0,Management,Low,No,No
0.1825225977724862,0.40783368354641836,2.0,201.0,1.0,0.0,0.0,Technical,Low,No,No
0.7197844046726457,0.47153063973150144,6.0,218.0,2.0,0.0,0.0,HR,Medium,No,Yes
0.8926339783371486,0.6735379993476901,2.0,178.0,9.0,1.0,1.0,Sales,Medium,No,Yes
0.29637234704808424,0.10130387938235115,6.0,155.0,2.0,1.0,0.0,Technical,Low,Yes,No
0.10773811516573871,0.6601675957170196,5.0,247.0,2.0,0.0,1.0,Technical,Medium,No,No
0.7788738534872801,0.3998235008364069,5.0,220.0,6.0,1.0,0.0,Support,Medium,No,No
0.6591765240645951,0.7981837375778619,6.0,211.0,7.0,0.0,1.0,Management,Medium,No,No
0.8306608657314538,0.16890472602469572,4.0,238.0,7.0,1.0,1.0,Sales,Low,Yes,No
0.20468113887300488,0.5835120754835711,2.0,306.0,9.0,1.0,0.0,Sales,Low,No,No
,,,,,,,,,,
0.2872201234070593,0.6856443897287181,5.0,266.0,8.0,0.0,1.0,Technical,Low,No,Yes
0.23504748578587975,0.19204437820318881,6.0,205.0,6.0,0.0,1.0,Support,Low,Yes,No
0.2410885712021672,0.6436024289457277,2.0,303.0,2.0,1.0,1.0,HR,Low,No,No
0.8327255886595478,0.5491316195888426,2.0,302.0,1.0,0.0,0.0,Technical,Low,No,No
0.6878780019230556,0.6372005351388295,4.0,279.0,5.0,1.0,0.0,HR,High,No,No
0.5588875318474996,0.6790305586886854,3.0,205.0,9.0,1.0,0.0,Support,Low,No,No
0.47827191788498724,0.6875899807899094,5.0,127.0,8.0,0.0,1.0,Management,Medium,No,Yes
0.920402896406091,0.7981677401497494,5.0,232.0,4.0,0.0,1.0,Sales,Medium,No,No
0.4827592184841645,0.32446964297136105,3.0,199.0,5.0,0.0,0.0,HR,Low,No,Yes
,,,,,,,,,,
0.44843712138048675,0.5408963337905375,4.0,296.0,6.0,1.0,1.0,HR,Low,No,No
0.5142826521591661,0.18167343684074042,4.0,135.0,3.0,0.0,0.0,Management,Low,Yes,Yes
0.5014965062733717,0.11093129668299259,5.0,114.0,5.0,0.0,0.0,Sales,Medium,No,No
0.37927823929249854,0.36784731839070417,4.0,110.0,2.0,1.0,1.0,HR,Low,No,No
0.7935114123707806,0.7837320808717815,3.0,305.0,1.0,1.0,0.0,Management,Medium,No,No
0.5325860340705574,0.715494636068098,2.0,210.0,1.0,1.0,1.0,Technical,Low,No,Yes
0.3370442443348953,0.8228213195179283,3.0,211.0,7.0,1.0,0.0,Support,Medium,No,No
0.9102703366620731,0.5773727130572881,6.0,222.0,2.0,0.0,1.0,Technical,Low,No,No
0.442094212327221,0.5197504083079476,5.0,159.0,4.0,0.0,1.0,Sales,Medium,Yes,Yes
0.5725731821803651,0.26244957802597146,4.0,202.0,5.0,1.0,1.0,Technical,Low,No,No
0.8901022184523458,0.4118308609748261,6.0,196.0,7.0,1.0,1.0,Technical,Medium,Yes,No
0.6041154789763324,0.43653268840107207,4.0,201.0,2.0,0.0,1.0,Technical,Medium,Yes,No
0.2944131965283187,0.16746441546326726,2.0,197.0,6.0,0.0,0.0,Technical,Low,No,No
0.9937202022149795,0.29151266270451326,2.0,136.0,1.0,0.0,0.0,Sales,Medium,No,Yes
0.6630882003531824,0.6477357942018284,2.0,304.0,7.0,0.0,0.0,Management,Low,No,No
0.446800524172344,0.7316935450766989,4.0,285.0,9.0,0.0,1.0,HR,Medium,Yes,No
0.27287615556763656,1.0443994759026043,6.0,180.0,5.0,1.0,0.0,Support,Low,Yes,Yes
0.8278962149067389,0.9279596282943157,2.0,107.0,5.0,1.0,1.0,HR,Medium,No,No
0.6496500726109782,0.6700764424941501,6.0,238.0,4.0,1.0,1.0,HR,Medium,No,No
0.6122242857059701,0.47413287597412374,4.0,309.0,3.0,1.0,0.0,Support,Low,Yes,No
0.92725836645501,0.6545354161469898,6.0,303.0,9.0,0.0,1.0,Sales,Low,No,No
0.833735015227671,0.7579432853331246,4.0,193.0,5.0,1.0,0.0,Support,Low,No,No
0.2298834377277324,0.24723252665761483,4.0,240.0,8.0,0.0,1.0,Sales,Medium,No,No
0.39136824282439386,0.45095860430385976,5.0,281.0,9.0,0.0,1.0,HR,Low,No,No
0.3282022296272621,0.8788950848729068,4.0,284.0,5.0,0.0,0.0,Sales,Low,Yes,Yes
0.758578465555217,0.43723886007725776,4.0,129.0,9.0,0.0,1.0,Management,Medium,No,No
0.14109919664443507,0.5911261489131359,3.0,227.0,2.0,0.0,0.0,Support,Low,No,Yes
,,,,,,,,,,
0.8357668335622604,0.21655518200069107,5.0,269.0,4.0,0.0,0.0,HR,Low,No,No
0.904983315230486,0.4166399556412747,5.0,289.0,6.0,1.0,1.0,Support,Low,No,No
0.40501897948099597,0.3853689313837847,5.0,292.0,6.0,0.0,0.0,HR,Medium,No,No
0.8656413920588679,0.16308668133118456,3.0,150.0,6.0,1.0,0.0,Management,Low,Yes,No
0.17383752880260755,0.12215344922591173,4.0,281.0,2.0,1.0,1.0,HR,Low,Yes,No
0.8486870029427855,0.8842462114611456,2.0,94.0,7.0,0.0,0.0,Support,Medium,Yes,No
0.24825497897765056,0.30494331534001146,6.0,211.0,6.0,0.0,1.0,Support,Low,No,No
0.5161530169759139,0.5715554085143845,4.0,270.0,1.0,1.0,1.0,HR,High,No,No
0.8541972561068611,0.38652114054544223,3.0,144.0,2.0,1.0,0.0,Support,High,Yes,No
0.22755220728884729,0.9533674521796759,4.0,126.0,7.0,1.0,0.0,Support,Low,No,No
0.2443099059976812,0.3345045771303488,4.0,145.0,1.0,1.0,0.0,HR,Low,No,No
0.7735192656329,0.48251679635126005,3.0,276.0,1.0,0.0,0.0,Management,Medium,No,No
0.7657103221045352,0.8541699031436846,5.0,191.0,1.0,0.0,0.0,Support,Low,No,No
0.696573872134374,0.8190056288781715,5.0,182.0,8.0,0.0,1.0,Support,Low,No,No
0.6769784258048147,0.2912001389208309,2.0,286.0,4.0,1.0,0.0,Support,Medium,No,No
0.5800818029961775,0.8001815174867831,2.0,162.0,4.0,0.0,1.0,Support,Low,No,No
0.38595901862075294,0.4972098381590193,5.0,148.0,2.0,1.0,0.0,HR,Medium,Yes,No
0.3792837657524035,0.5101752937809744,6.0,91.0,1.0,0.0,0.0,Management,Low,Yes,No
0.27735127363266604,0.1931969359236771,4.0,282.0,9.0,1.0,0.0,Management,Low,Yes,No
0.900313541802141,0.12612358446560765,6.0,193.0,7.0,0.0,1.0,Sales,Low,No,No
0.6452244066356062,0.8060812863777478,4.0,277.0,4.0,0.0,0.0,Support,High,Yes,No
0.45403110233325145,0.4888431314859554,5.0,140.0,6.0,1.0,1.0,Support,Medium,Yes,No
0.556194913163461,0.5106359846575761,2.0,119.0,2.0,1.0,1.0,Sales,Medium,No,No
0.9512377411988133,0.7926661508755075,2.0,100.0,7.0,1.0,1.0,Management,Low,Yes,No
0.2698410564548296,0.7942435032752312,6.0,309.0,2.0,1.0,0.0,Technical,Low,Yes,No
0.6933377335267477,0.23475059874668827,2.0,197.0,8.0,1.0,1.0,Technical,Low,Yes,No
0.5895827004183608,0.6569875639771721,5.0,165.0,8.0,0.0,0.0,Management,Low,No,Yes
0.6672971258760524,0.20802715639223754,6.0,256.0,1.0,1.0,1.0,Support,Low,Yes,No
0.15471926778430312,0.8094787294709374,4.0,179.0,8.0,0.0,0.0,Technical,Medium,No,No
0.8968792327518985,0.7235853039209668,2.0,294.0,2.0,0.0,1.0,HR,Low,No,No
0.9217602138537548,0.9762707307780987,3.0,212.0,6.0,0.0,0.0,HR,High,No,No
0.5846235103742867,0.11047665462328134,2.0,289.0,1.0,0.0,0.0,Sales,Low,No,No
0.7507043069960201,0.1702529607843429,4.0,280.0,5.0,0.0,0.0,Management,High,No,Yes
0.9112408921377237,0.3885031605002807,6.0,281.0,7.0,1.0,1.0,Management,Low,Yes,No
0.7183299893416464,0.3582467592632424,4.0,278.0,1.0,1.0,1.0,Technical,Low,Yes,No
0.2342818180752339,0.34955356255705744,3.0,214.0,2.0,0.0,0.0,Support,Low,Yes,No
0.568216666543012,0.8981197203829733,5.0,271.0,7.0,0.0,1.0,Management,Low,Yes,No
0.6303834324383754,0.3057754932610622,2.0,309.0,6.0,1.0,1.0,Technical,Low,Yes,No
0.4579325245643168,0.37930939239483474,6.0,211.0,3.0,1.0,1.0,Technical,Low,Yes,No
0.8338588954802113,0.7999724595789416,5.0,183.0,2.0,0.0,1.0,Management,Low,No,No
0.9625333504747523,0.4925833733819476,4.0,290.0,4.0,1.0,1.0,Technical,Medium,No,No
0.9173593244363215,0.791842177110179,6.0,192.0,3.0,1.0,1.0,Sales,Medium,Yes,Yes
0.4869938162129129,0.16058207313879488,5.0,275.0,7.0,1.0,1.0,Sales,Medium,No,No
0.12686172550603902,0.5310545306275818,6.0,302.0,8.0,0.0,0.0,Management,Low,Yes,No
0.9460602071450089,0.13016899565146445,3.0,273.0,2.0,1.0,0.0,Support,Medium,Yes,No
0.8101965460174088,0.25429784344445194,3.0,251.0,7.0,0.0,1.0,Sales,Low,No,Yes
0.18069932903873454,0.8988874408922138,2.0,120.0,8.0,0.0,0.0,Sales,Low,Yes,No
0.929689470679705,0.17618969689052186,2.0,141.0,6.0,0.0,0.0,Management,Low,Yes,No
0.874364725167148,0.5601223412123927,3.0,178.0,6.0,0.0,0.0,HR,Low,No,No
0.5432111620186738,0.4866314010385084,6.0,165.0,1.0,0.0,1.0,Technical,Low,No,No
0.6284729050239393,0.42805502210112784,3.0,218.0,4.0,1.0,1.0,Sales,Low,No,No
0.4170055856887475,0.8777289765240825,2.0,272.0,1.0,0.0,1.0,HR,Low,Yes,Yes
0.16332534973159657,0.10870110406392733,3.0,111.0,4.0,0.0,1.0,Support,Medium,No,Yes
0.4229190791863542,0.7259737163867437,3.0,129.0,2.0,0.0,1.0,HR,Medium,No,No
,,,,,,,,,,
0.13281744304506446,0.5692778148467917,5.0,200.0,9.0,1.0,1.0,Support,Medium,No,No
0.3544793718442407,0.915587469327853,2.0,218.0,3.0,1.0,0.0,Support,Low,No,No
0.46119351533722114,0.1922399486283798,6.0,154.0,8.0,1.0,1.0,HR,Medium,Yes,No
0.5514165230521855,0.46639083843182555,3.0,280.0,3.0,1.0,0.0,Management,Medium,No,Yes
0.8954453001808125,0.3315804378188196,3.0,271.0,6.0,1.0,1.0,Sales,Low,No,Yes
0.3675617375520379,0.7120388182969469,5.0,259.0,4.0,1.0,1.0,HR,Low,No,Yes
0.4843532954958013,0.9728892869252822,2.0,238.0,8.0,0.0,1.0,Sales,High,No,Yes
0.7873394632481201,0.41471935335975046,2.0,168.0,6.0,0.0,1.0,HR,Low,No,No
0.5586755397581028,0.743681204818689,4.0,298.0,8.0,1.0,1.0,Sales,High,No,Yes
0.3105828441319601,0.28762582412426474,2.0,111.0,1.0,0.0,1.0,HR,Low,No,No
0.48516365372039605,0.6584554864939839,5.0,255.0,6.0,0.0,0.0,Support,Low,No,No
0.25015598336141626,0.5381032472096017,4.0,188.0,1.0,1.0,1.0,Technical,Low,No,No
0.3302809950876935,1.0397767824321902,4.0,297.0,1.0,0.0,0.0,Support,Low,Yes,Yes
0.5657400882918151,0.670011242216574,3.0,97.0,8.0,0.0,1.0,Sales,Medium,Yes,Yes
0.47662329503156375,0.45019956187828764,3.0,279.0,7.0,1.0,0.0,Management,High,No,Yes
0.9281477792824177,0.13661767296348915,2.0,264.0,3.0,0.0,0.0,Support,Low,No,No
0.46346250522830257,0.2515831474547826,4.0,106.0,6.0,1.0,0.0,Technical,Low,No,No
,,,,,,,,,,
0.6664976306416956,0.34683133681822054,5.0,179.0,7.0,0.0,0.0,Support,Medium,Yes,No
0.08967150923910565,0.8856803164115583,3.0,230.0,3.0,0.0,0.0,HR,Low,Yes,No
0.7106416069233181,0.6515120115608759,3.0,234.0,6.0,0.0,1.0,Management,Low,No,No
0.22192679670940635,0.6013437700792621,4.0,255.0,4.0,1.0,0.0,Sales,Medium,Yes,No
0.9484584931291902,0.1577192755646319,4.0,170.0,3.0,1.0,1.0,Support,Medium,Yes,No
0.22614561971561653,0.8144759548643056,6.0,167.0,9.0,1.0,1.0,Sales,Low,Yes,Yes
0.43820037174632187,0.7438472551194657,5.0,262.0,2.0,0.0,0.0,HR,Low,Yes,No
0.1793234338052182,0.1825281176227488,4.0,95.0,1.0,0.0,0.0,Technical,High,No,No
1.028603845402969,0.759025083844236,2.0,252.0,2.0,1.0,1.0,Support,Medium,Yes,No
0.5935155764706114,0.5920153525370699,5.0,199.0,7.0,0.0,0.0,Sales,Low,No,No
,,,,,,,,,,
0.14634943630119765,0.5346708693897968,4.0,161.0,6.0,1.0,0.0,Sales,Medium,No,No
0.7621733619777061,0.5420471630579226,5.0,278.0,7.0,1.0,0.0,Technical,Low,Yes,No
0.30877162666105895,0.2686500118809411,4.0,232.0,9.0,0.0,0.0,Sales,Low,No,No
0.8912846595283257,0.971299756671259,3.0,143.0,8.0,1.0,0.0,Management,Low,No,No
0.2612410155976297,0.8589533399946322,6.0,116.0,6.0,0.0,0.0,Management,Low,Yes,No
,,,,,,,,,,
0.14556401541895989,0.48404590441922135,4.0,248.0,8.0,1.0,0.0,Management,Low,No,No
0.5260262578490517,0.5195131377810172,4.0,252.0,7.0,1.0,1.0,Support,Medium,No,No
0.6137181762759228,0.7213534395969718,3.0,149.0,3.0,0.0,1.0,Management,Low,Yes,No
0.14546671225179497,0.654778451839076,2.0,95.0,9.0,0.0,1.0,Sales,Low,No,No
0.8006103219884356,0.1144253101487599,2.0,286.0,2.0,1.0,1.0,HR,Low,No,No
0.4385007750400862,0.549461617599335,2.0,303.0,3.0,1.0,0.0,Support,High,Yes,Yes
0.6164933840589404,0.8444677804615377,4.0,147.0,2.0,1.0,1.0,Technical,Medium,Yes,No
0.5048336003575227,0.5177445333027016,5.0,138.0,1.0,0.0,1.0,Sales,Low,No,Yes
0.5231191841959059,0.13704051828321792,4.0,240.0,4.0,1.0,1.0,Technical,Medium,No,No
,,,,,,,,,,
0.21554703977828815,0.3173763982492159,3.0,251.0,6.0,1.0,1.0,Technical,High,No,No
0.2490769985952195,0.33422947993627816,6.0,115.0,5.0,1.0,0.0,Sales,Low,No,Yes
0.8469334386208571,0.20905569334924923,5.0,136.0,1.0,0.0,0.0,Sales,Medium,Yes,No
0.9299127051286202,0.4616437905281406,2.0,94.0,3.0,0.0,1.0,HR,Low,Yes,No
0.39308478320542106,0.7512346201620309,4.0,307.0,1.0,1.0,0.0,Sales,Low,No,No
0.31229151102001906,0.5334595040850258,3.0,109.0,5.0,0.0,0.0,HR,High,No,Yes
0.6489469492333864,0.2582353703597487,2.0,223.0,5.0,0.0,1.0,HR,Low,Yes,No
0.49644588556327346,0.871556526611525,3.0,287.0,6.0,0.0,1.0,Sales,Low,No,No
0.07138326445248155,0.8982688644865996,6.0,148.0,8.0,1.0,1.0,Management,Low,No,Yes
0.30677621983923403,0.9582982683246772,4.0,281.0,1.0,0.0,0.0,HR,Medium,No,No
0.7303472129689165,0.28314939565711306,4.0,235.0,4.0,0.0,1.0,Sales,Medium,No,No
0.7304136354702788,0.5428286304096911,6.0,221.0,1.0,0.0,0.0,Management,Low,No,No
0.09107471193056292,1.0485316756532608,4.0,106.0,9.0,1.0,0.0,HR,High,Yes,No
0.3233445299539786,0.7772870797561284,5.0,103.0,7.0,1.0,0.0,Management,Low,No,No
0.2659466553456245,0.11701067669937619,3.0,295.0,7.0,0.0,1.0,Support,Low,No,No
0.6557785433407617,0.1691627024908809,2.0,102.0,5.0,0.0,0.0,Support,High,No,No
0.1528348005757633,0.5063070413915939,6.0,224.0,7.0,1.0,1.0,Management,Low,No,No
0.1863422396485294,0.8655131368032701,5.0,217.0,2.0,1.0,1.0,HR,Low,No,Yes
0.8140533496030504,0.6205678318136837,2.0,133.0,4.0,0.0,1.0,Sales,Low,Yes,No
0.22990156403298478,0.5547439453301236,2.0,208.0,7.0,0.0,1.0,Technical,Medium,Yes,No
0.6638629946322352,0.17307079197506386,6.0,232.0,3.0,1.0,1.0,Sales,Low,No,No
0.2621196540708259,0.6886902261654758,5.0,108.0,2.0,1.0,0.0,Technical,High,Yes,No
0.17430080734778355,0.8305260172724663,2.0,152.0,2.0,0.0,0.0,Technical,Medium,Yes,No
0.3276867493683605,0.4577742110904072,2.0,252.0,1.0,1.0,0.0,HR,Low,No,No
0.7523769328629882,0.7730249272069571,5.0,170.0,5.0,0.0,0.0,Management,Medium,No,Yes
0.87269286675356,0.9586743969804805,4.0,252.0,6.0,0.0,0.0,Sales,Low,Yes,No
0.7884091419338165,0.2843340877117983,2.0,236.0,6.0,0.0,1.0,Management,Low,No,No
,,,,,,,,,,
0.6904349733909322,0.352622720666951,5.0,189.0,4.0,0.0,0.0,HR,High,No,Yes
0.25642027562691655,0.789374590316407,2.0,252.0,1.0,0.0,0.0,HR,Low,No,No
0.32294628086646554,0.6382534535331985,6.0,249.0,6.0,1.0,0.0,Support,Low,No,Yes
0.9299184019674069,0.6774103767697309,3.0,211.0,5.0,1.0,1.0,Sales,Low,Yes,Yes
0.04621712672302354,0.8580529621750493,2.0,265.0,6.0,0.0,1.0,Support,Low,Yes,Yes
0.1429984322293299,0.39955168429539323,3.0,133.0,3.0,0.0,1.0,Sales,Low,No,No
0.2944139562127334,0.9014925947493633,3.0,193.0,2.0,1.0,0.0,Technical,Low,No,No
0.1045770621858579,0.585866461701767,4.0,241.0,6.0,1.0,0.0,HR,Medium,No,No
0.2713458866565286,0.27875979703405723,3.0,150.0,1.0,1.0,0.0,Sales,Low,No,No
0.6228910410540867,0.6968103551033747,4.0,214.0,7.0,0.0,0.0,Management,Low,No,No
0.45962330664820844,0.7858931105224821,5.0,234.0,7.0,0.0,1.0,Management,Medium,No,No
0.8492160641844254,0.4294386601082984,4.0,160.0,7.0,0.0,0.0,HR,Medium,Yes,No
0.8625944599283365,0.9391225376980455,6.0,196.0,1.0,1.0,0.0,Support,Low,Yes,No
0.4048128945404279,0.9711781388657446,2.0,139.0,4.0,0.0,0.0,Support,Low,No,No
0.2905398380650719,0.4014730996900119,5.0,154.0,7.0,1.0,1.0,Sales,Medium,Yes,No
0.3770200242907668,1.002933538874468,5.0,188.0,9.0,0.0,1.0,Support,Low,Yes,No
0.6399760320427254,0.2339721389242606,6.0,121.0,5.0,1.0,0.0,HR,Low,No,No
0.32093985600814573,0.3370527318197337,4.0,253.0,2.0,0.0,1.0,Sales,Medium,No,No
0.6256312344368192,0.26022107993004023,2.0,230.0,7.0,0.0,1.0,Technical,Low,No,Yes
0.505342133941518,0.8696897162997167,4.0,287.0,1.0,1.0,1.0,Support,Low,Yes,No
0.5437510606411432,0.6985014855654232,3.0,147.0,7.0,1.0,1.0,Support,Low,Yes,No
0.4825063714385746,0.22917958056299575,4.0,217.0,6.0,0.0,1.0,Sales,Low,Yes,No
0.39174140350444725,0.4769480837403113,5.0,231.0,7.0,1.0,0.0,Management,Low,No,No
0.9646582654182181,0.6755188704290854,2.0,254.0,3.0,1.0,0.0,Support,High,Yes,No
0.7508961532831173,0.1724975011880919,4.0,201.0,3.0,0.0,0.0,HR,Low,No,No
0.2695199674367553,0.8955363405344797,2.0,296.0,7.0,1.0,1.0,Support,Low,No,No
0.922596284043954,0.8362346214600316,2.0,157.0,2.0,0.0,1.0,Technical,Low,No,Yes
0.5707325337503049,0.49704540984310486,3.0,129.0,1.0,0.0,1.0,Support,High,Yes,No
0.8839999204716075,1.0071810054962134,3.0,276.0,9.0,1.0,1.0,Management,Low,No,No
0.8132406130743838,0.5490280906120675,5.0,297.0,9.0,1.0,0.0,Support,Low,No,Yes
0.5177420206081583,1.0284199877001623,6.0,309.0,7.0,0.0,0.0,Sales,Medium,No,No
0.1333234535393006,0.5922175950697939,2.0,233.0,7.0,0.0,0.0,Support,Low,No,No
0.3208539224281999,0.6767631508229683,6.0,279.0,3.0,0.0,0.0,Management,Low,Yes,No
0.5836177046365731,0.19424720925665134,5.0,221.0,2.0,0.0,0.0,Sales,Low,No,No
0.6242570537432016,0.9258113655059635,2.0,262.0,7.0,0.0,0.0,HR,Low,Yes,No
0.3644761614952122,0.5159199740148728,2.0,179.0,9.0,0.0,1.0,Sales,Low,Yes,No
0.22694223384281642,0.26117827751144385,6.0,117.0,1.0,1.0,1.0,Technical,Medium,Yes,No
0.9022897926737778,0.030697876113742223,4.0,185.0,4.0,1.0,0.0,Sales,Low,No,No
0.9352207964300073,0.6003116400643369,3.0,283.0,6.0,1.0,1.0,HR,Low,No,Yes
0.5408548306242811,0.5363704186224728,4.0,120.0,7.0,0.0,0.0,Support,Low,Yes,No
0.24841578307667384,0.7541596547569809,6.0,92.0,7.0,1.0,0.0,Sales,Low,No,Yes
0.41784053447422664,0.8995668922089686,3.0,225.0,2.0,0.0,1.0,Sales,Low,Yes,Yes
0.12233033175268979,0.20127851845503197,4.0,113.0,4.0,0.0,0.0,Sales,High,No,No
0.8972060284435529,0.7552551409972834,3.0,104.0,5.0,1.0,0.0,Sales,Low,Yes,No
0.21053326551671842,0.3201780587945739,2.0,260.0,1.0,0.0,0.0,HR,Medium,Yes,No
0.5997252999026554,0.8819268509232993,4.0,248.0,1.0,0.0,1.0,Management,Low,No,Yes
0.37838951862620596,0.8242462513636317,3.0,290.0,3.0,0.0,1.0,Management,Low,Yes,No
0.625840333080518,0.5873793289461443,3.0,134.0,3.0,0.0,1.0,Sales,Low,No,No
0.7383075119590096,0.7786266796466645,3.0,283.0,8.0,0.0,1.0,HR,Low,Yes,No
0.800735413546529,0.4226078078894603,4.0,97.0,9.0,0.0,0.0,HR,Low,No,No
0.2358480209121191,0.43974253097667015,5.0,160.0,1.0,1.0,1.0,Sales,Low,Yes,No
0.10301246024593441,0.8041381423507351,4.0,197.0,2.0,0.0,1.0,Technical,Medium,No,No
0.24447455055210396,0.4911819592001976,6.0,204.0,2.0,0.0,1.0,Sales,Low,No,Yes
0.9407390539787055,0.46218967196392075,4.0,192.0,4.0,0.0,0.0,Technical,Low,Yes,No
0.8972020882962956,0.577726088118483,3.0,214.0,2.0,0.0,1.0,Sales,Low,No,No
0.6644212442825992,0.880136838439776,2.0,146.0,7.0,1.0,1.0,Technical,Low,Yes,No
,,,,,,,,,,
0.6763670828608581,0.3113836164753704,4.0,119.0,7.0,0.0,0.0,Sales,Low,Yes,No
0.30401307963868957,0.7567922802745262,3.0,291.0,6.0,0.0,0.0,Technical,Low,No,Yes
0.9649272161958089,0.87267278700987,2.0,235.0,1.0,0.0,0.0,Support,Medium,No,Yes
0.4634411415345185,0.2029605044220182,2.0,203.0,9.0,1.0,1.0,Management,Medium,No,No
0.41152546702618525,0.3516873176068553,6.0,286.0,5.0,1.0,0.0,HR,Low,No,No
0.5927352826681292,0.2154608535879282,4.0,206.0,5.0,1.0,1.0,Technical,Low,No,No
0.19971983434453144,0.38397994378299566,2.0,256.0,6.0,1.0,1.0,Technical,Medium,No,No
0.2246661476034482,0.49022236182235657,2.0,149.0,9.0,0.0,1.0,HR,Low,No,No
0.8176096978665646,0.7617377525832388,5.0,187.0,8.0,1.0,1.0,Technical,Low,No,No
0.14118573796343964,0.7144671857884418,5.0,260.0,8.0,1.0,1.0,HR,Low,Yes,No
0.6334012528500407,0.7094705709998841,2.0,215.0,8.0,0.0,0.0,Sales,Low,No,No
0.28611628583061527,0.40184541133164736,6.0,262.0,1.0,0.0,1.0,Support,Low,No,Yes
0.4629225053067364,0.9358500459449001,2.0,240.0,1.0,1.0,1.0,Support,Low,No,No
0.36406965872803665,0.5133231120202426,3.0,286.0,8.0,1.0,1.0,Management,Low,No,No
0.42149013249975575,0.9805853443051771,4.0,183.0,5.0,1.0,0.0,Technical,Low,Yes,No
0.731169501585424,0.6785962005063119,6.0,223.0,9.0,1.0,1.0,Management,Medium,No,Yes
0.357182066743507,0.19107075908796664,3.0,273.0,2.0,0.0,1.0,Sales,Low,Yes,No
0.6080056733044636,0.6949961731879583,6.0,211.0,9.0,0.0,0.0,Support,Low,Yes,No
0.5221686227948973,0.3808721855733197,3.0,197.0,8.0,1.0,1.0,Sales,Low,Yes,No
0.6987193755694552,0.684764568767296,4.0,93.0,9.0,1.0,1.0,Sales,Medium,No,No
0.8951044039387778,0.13540946358091138,4.0,182.0,4.0,1.0,0.0,Technical,Medium,Yes,No
0.6954739537998219,0.2576824174951747,5.0,240.0,1.0,1.0,1.0,Sales,Medium,Yes,No
0.30040916178442534,0.8578053291967108,3.0,95.0,1.0,1.0,1.0,Support,Low,No,No
,,,,,,,,,,
0.3470302510746313,0.8807558368930589,3.0,195.0,2.0,0.0,1.0,Support,Medium,Yes,No
0.6558327906547219,0.2974676029703058,5.0,235.0,8.0,0.0,1.0,Technical,Low,Yes,No
0.13641860053041147,0.6975549483959302,4.0,104.0,5.0,1.0,0.0,Support,Low,Yes,No
0.5394490450882374,0.7245295311107869,6.0,257.0,5.0,1.0,0.0,HR,Low,No,Yes
0.6256566488231919,0.5684989756881715,5.0,211.0,2.0,0.0,0.0,Management,Medium,Yes,Yes
0.3456963762932821,0.33316646463034527,3.0,185.0,7.0,0.0,1.0,HR,Low,No,No
0.8072428910421886,0.2733470276628577,3.0,290.0,8.0,1.0,1.0,HR,Low,No,No
0.2235602503080073,0.14175232296761006,4.0,291.0,1.0,0.0,1.0,Technical,High,Yes,No
0.19795564454249023,0.3537792938217817,3.0,301.0,2.0,1.0,0.0,Sales,Medium,Yes,No
0.7506764327151928,0.6439035323918557,2.0,95.0,4.0,1.0,1.0,HR,High,No,No
0.5284741250130508,0.9319233439669545,6.0,201.0,5.0,0.0,1.0,Support,High,No,No
0.7058847538374247,0.8742700997692672,5.0,209.0,2.0,0.0,1.0,Sales,Low,Yes,No
0.47453495234413834,0.8118774948814084,6.0,212.0,1.0,0.0,0.0,Support,Medium,Yes,No
,,,,,,,,,,
0.8489142656677243,0.7041420742412392,5.0,156.0,1.0,1.0,1.0,Sales,Medium,Yes,No
0.8453098750589876,0.3431051930791103,5.0,195.0,4.0,0.0,1.0,Sales,Low,Yes,No
0.7364985218382039,0.9516696597216416,2.0,228.0,2.0,1.0,1.0,Support,High,No,No
0.3406764493929101,0.6943622059411922,4.0,132.0,4.0,1.0,0.0,Technical,Medium,No,No
0.6111823785901226,0.6162463778853045,3.0,234.0,8.0,1.0,0.0,Management,Medium,Yes,No
0.4428607809591353,0.1574115408832344,2.0,185.0,8.0,0.0,0.0,Management,Low,No,No
0.17736985602841693,0.4831237387599958,2.0,221.0,9.0,1.0,1.0,Technical,Low,Yes,Yes
0.8934379764437548,0.56142501988412,6.0,280.0,5.0,0.0,0.0,Sales,Medium,No,No
0.25969522309650295,0.9107302222932819,6.0,285.0,7.0,0.0,1.0,Support,Low,No,No
0.979400226095752,0.6150731834194163,6.0,170.0,3.0,1.0,1.0,Management,Medium,No,No
0.549647427041857,0.4134141634374558,2.0,130.0,4.0,0.0,0.0,Support,Low,No,Yes
0.3048843132606919,0.9342969807179027,3.0,300.0,9.0,1.0,1.0,Technical,Medium,No,Yes
,,,,,,,,,,
0.8814473051312385,0.4830982191796432,6.0,249.0,2.0,0.0,1.0,Technical,Medium,No,No
0.7903463413639332,0.15593484263261864,3.0,303.0,5.0,1.0,1.0,Sales,Medium,Yes,Yes
0.7947418131618956,0.8175212970713072,4.0,287.0,3.0,0.0,0.0,Technical,Low,No,No
0.7396767922884092,0.8938517564696244,6.0,124.0,2.0,0.0,1.0,Technical,Low,No,Yes
0.7298241654198536,0.33299767182542767,5.0,111.0,1.0,0.0,1.0,Management,Low,No,Yes
0.8848387491273931,0.9189811196167424,4.0,282.0,3.0,1.0,1.0,Support,Low,Yes,Yes
0.3296895449225122,0.3123153195644232,4.0,301.0,1.0,1.0,1.0,Management,Low,No,Yes
0.5416016504212332,0.9265817120804735,5.0,239.0,1.0,0.0,1.0,HR,Medium,No,No
0.29128938060318726,0.7222768623560337,6.0,201.0,1.0,0.0,1.0,Technical,Low,No,No
0.9856048860297607,0.8095725348093694,2.0,100.0,8.0,0.0,1.0,HR,Low,No,No
0.8698777891614282,0.17898549054875418,5.0,294.0,3.0,1.0,1.0,Management,Low,Yes,Yes
0.15688279428379887,0.986477272748771,5.0,92.0,1.0,1.0,0.0,Support,Low,Yes,No
0.8053619982758561,0.7897429791778242,5.0,226.0,7.0,0.0,0.0,Management,Low,Yes,No
0.9051242849492225,0.38637380516447983,4.0,149.0,3.0,1.0,1.0,Support,High,Yes,No
0.21595643335734105,0.8658654409577267,3.0,165.0,8.0,1.0,1.0,Support,Medium,No,Yes
0.6570630177363203,0.30104171907724286,2.0,176.0,4.0,1.0,0.0,Sales,Low,No,No
0.9313277067653143,0.9519544374981743,6.0,103.0,4.0,1.0,1.0,Technical,Low,No,No
0.1571398717261644,0.24891265795434295,6.0,107.0,5.0,0.0,0.0,Management,Medium,No,No
0.7450990037567059,0.7076117285835059,3.0,202.0,6.0,1.0,0.0,Support,Low,Yes,No
0.3421798621816566,0.6359436819886621,5.0,162.0,7.0,1.0,0.0,Management,Low,Yes,Yes
0.9572656801299284,0.2219262825431626,2.0,112.0,4.0,0.0,1.0,Management,Low,Yes,No
0.9552103643224648,0.33961491474235467,6.0,291.0,8.0,0.0,1.0,Support,Low,Yes,Yes
0.9252207810675596,0.11637927859682363,6.0,172.0,6.0,1.0,1.0,HR,High,No,No
0.5491529825071252,0.5169813098798901,5.0,214.0,1.0,1.0,0.0,Technical,Medium,Yes,Yes
0.8851832425347977,0.42220482909036977,3.0,264.0,1.0,0.0,0.0,Technical,Low,Yes,No
0.8723940499108862,0.6440478715347875,2.0,158.0,9.0,0.0,0.0,Sales,Low,Yes,Yes
0.401323942617383,0.3841673038309822,3.0,136.0,6.0,0.0,1.0,Sales,Medium,No,No
0.8749089606753266,0.4197100494082984,3.0,205.0,8.0,1.0,0.0,Sales,Medium,No,No
0.1689013869538544,0.804883073878046,2.0,304.0,7.0,1.0,0.0,Technical,Medium,No,No
0.6463461440026894,0.10294861797981,2.0,119.0,6.0,0.0,1.0,HR,Medium,No,No
0.3533379539538683,0.8924676867571433,6.0,114.0,4.0,1.0,0.0,Technical,Low,No,No
0.24395072853414163,0.8453298975418483,6.0,245.0,7.0,0.0,0.0,Technical,Medium,Yes,No
0.1921933018483638,0.7133518518883406,2.0,201.0,9.0,1.0,1.0,Technical,Medium,No,Yes
0.7127572954557446,0.615535786508628,4.0,114.0,7.0,0.0,1.0,Technical,Low,No,No
0.4393911266834273,0.8885385836485755,6.0,163.0,1.0,0.0,0.0,HR,Medium,No,Yes
0.7628272490489646,0.262966255041954,4.0,295.0,9.0,1.0,1.0,Sales,Low,No,No
0.11973030922385025,0.18112830648887224,2.0,147.0,4.0,1.0,0.0,Management,Low,Yes,Yes
0.34447223521916753,0.3121673350627171,6.0,183.0,3.0,1.0,1.0,Sales,Low,No,No
0.55355083141801,0.8490506218880551,3.0,208.0,4.0,1.0,0.0,Sales,Low,Yes,No
0.7742052075567353,0.09728264439846918,2.0,216.0,4.0,1.0,1.0,Management,Low,No,No
0.3571307524147214,0.5755985222079291,5.0,258.0,2.0,1.0,0.0,Technical,Low,Yes,No
0.6850956677703174,0.980427320319472,4.0,114.0,1.0,0.0,1.0,HR,Low,Yes,Yes
0.9024648245141658,0.839497078352142,2.0,167.0,1.0,1.0,1.0,HR,Low,No,No
0.6764846307405008,0.5716718861528789,2.0,188.0,8.0,0.0,1.0,Sales,Low,No,No
0.27640016319694327,0.14800779994640847,6.0,205.0,2.0,0.0,1.0,Management,Low,Yes,No
0.07374456338238433,0.8110380885171267,6.0,137.0,5.0,1.0,1.0,Support,Medium,No,No
0.854104709740549,0.6004722379357736,6.0,99.0,4.0,0.0,1.0,Technical,Low,No,No
0.14078755004572172,0.205486940598434,5.0,188.0,8.0,0.0,1.0,Sales,Low,Yes,Yes
0.9124434175191304,0.20702377698653027,6.0,292.0,2.0,1.0,0.0,HR,Medium,No,No
0.5731871037251445,0.8988280388624209,2.0,100.0,9.0,1.0,0.0,Management,Medium,No,Yes
0.9596728845575421,0.6973797921727067,6.0,174.0,7.0,1.0,1.0,Management,Medium,No,Yes
0.8048021196667577,0.8307361263069377,3.0,238.0,7.0,0.0,1.0,Sales,Low,Yes,Yes
0.9782308457721899,0.8854490950997019,6.0,303.0,1.0,1.0,0.0,Support,Low,Yes,No
0.43192960808019437,0.6628667798315826,5.0,262.0,2.0,1.0,0.0,HR,Medium,No,Yes
0.8098866604863808,0.6449861514989128,3.0,224.0,4.0,1.0,1.0,Sales,Low,No,No
0.5137152015054708,0.4766102862278622,2.0,298.0,4.0,1.0,0.0,Support,Low,No,No
0.500047377316297,0.3746593245731736,2.0,281.0,3.0,0.0,0.0,Management,Low,Yes,No
0.6263014744480182,0.5029639399922295,4.0,215.0,7.0,1.0,1.0,Technical,Medium,No,No
0.8751401030567609,0.8036160268935698,3.0,153.0,8.0,0.0,1.0,HR,Low,No,No
1.0083959352444873,0.6604370791038453,4.0,91.0,2.0,1.0,1.0,HR,High,Yes,No
0.8502331006327015,0.8962540945750347,3.0,165.0,4.0,0.0,0.0,Support,Medium,No,Yes
0.4842495833922621,0.4945376545492075,3.0,210.0,3.0,0.0,1.0,Sales,Low,No,No
0.45413671080461954,0.6632473195032459,5.0,131.0,2.0,0.0,1.0,Management,Medium,Yes,No
,,,,,,,,,,
0.2925264079760229,0.6155391004285448,5.0,143.0,4.0,0.0,1.0,Technical,Medium,Yes,No
0.20688141573483676,0.7337167591736816,3.0,164.0,6.0,1.0,0.0,Technical,Low,No,No
0.44137765969490494,0.31379670159362755,2.0,105.0,2.0,1.0,0.0,Technical,Medium,No,No
0.36655736586041443,0.47722474692455763,3.0,107.0,4.0,1.0,0.0,Support,Low,No,Yes
0.3484046566020492,0.18828701319285404,5.0,276.0,6.0,1.0,0.0,Management,High,No,No
0.27076192031683705,0.4770929565407618,4.0,179.0,5.0,1.0,0.0,HR,Low,No,No
0.15967458139967777,0.5268425062749845,4.0,233.0,3.0,0.0,0.0,Sales,Low,Yes,Yes
0.10347950557061668,0.6676790160809962,5.0,95.0,8.0,1.0,1.0,HR,Medium,No,Yes
0.9759635199648972,0.9377946256375165,4.0,274.0,7.0,0.0,1.0,Management,Medium,Yes,Yes
0.44957969309107954,0.6498577427456429,6.0,197.0,3.0,0.0,1.0,HR,Low,Yes,No
0.403375991991652,0.740398242971385,2.0,264.0,6.0,0.0,0.0,Support,Low,Yes,Yes
0.7593479408494814,0.5671415708901837,2.0,137.0,4.0,0.0,1.0,Technical,Low,No,No
0.2802415540798117,0.6747684431189196,2.0,131.0,5.0,0.0,0.0,Management,High,Yes,No
0.891068871668877,0.11998400824306737,4.0,165.0,5.0,0.0,1.0,Management,Medium,Yes,No
0.8148879803505522,0.3583657628222974,4.0,277.0,7.0,0.0,0.0,HR,Medium,Yes,No
0.1755521258909835,0.46754973313982723,3.0,166.0,5.0,1.0,1.0,Support,Low,Yes,No
0.4238169947572305,0.5375421143924073,3.0,221.0,3.0,0.0,0.0,HR,Low,No,No
0.9242244323268329,0.14115901877213996,2.0,219.0,5.0,1.0,1.0,HR,Medium,No,Yes
0.9698695877373162,0.21497481885792727,6.0,307.0,7.0,0.0,0.0,Management,Medium,Yes,No
0.5452753206571691,0.33612916552531874,3.0,148.0,5.0,0.0,1.0,HR,Low,No,No
0.658034192787632,0.9570090023996062,3.0,244.0,5.0,0.0,0.0,Technical,Medium,No,No
0.21089565164817275,0.42229946403542895,4.0,116.0,9.0,0.0,1.0,HR,Low,No,No
0.9881328947292183,0.547183429640425,6.0,168.0,3.0,1.0,1.0,Technical,Low,No,Yes
0.2955755843228409,0.2208695048759093,2.0,161.0,6.0,1.0,1.0,Management,Low,No,No
0.9304963819980828,0.6055514186844639,3.0,96.0,1.0,1.0,0.0,Support,Low,Yes,Yes
0.7290916389341412,0.3251498518110081,6.0,280.0,5.0,0.0,0.0,Technical,Low,No,No
0.620261844384374,0.27605148569875104,6.0,200.0,8.0,0.0,0.0,Support,Low,No,No
0.5461055518855725,0.5729335510251709,2.0,208.0,5.0,0.0,0.0,Support,Low,No,No
0.31113227586850606,0.08382139947192872,6.0,263.0,9.0,1.0,0.0,Technical,Medium,No,Yes
0.2718159756898578,0.12256868312900555,6.0,152.0,6.0,0.0,1.0,Management,Low,Yes,No
0.35076871939091897,0.34789215903942816,6.0,213.0,8.0,1.0,0.0,Sales,Low,No,No
0.2650945549239555,0.11252489238485798,3.0,101.0,8.0,1.0,1.0,Support,Low,No,Yes
0.8087274591912517,0.17254838804546313,2.0,230.0,3.0,0.0,1.0,Support,Low,Yes,No
0.38387124240223364,0.3661888939578934,6.0,132.0,7.0,0.0,0.0,Management,Medium,Yes,No
0.16726535999858377,0.7889596279717754,6.0,106.0,7.0,1.0,1.0,Management,Low,No,No
1.0280637225048448,0.6266307039547108,3.0,152.0,6.0,1.0,0.0,HR,Medium,No,No
0.8871780449150953,0.5827571633510291,2.0,298.0,7.0,1.0,0.0,Management,Medium,No,No
0.9540908275375066,0.37880108654334066,4.0,209.0,2.0,0.0,0.0,Support,Low,No,No
0.9576878741013584,0.9085229927428708,3.0,125.0,9.0,0.0,1.0,Technical,Low,No,No
0.24964948556462455,0.4484965304313411,2.0,302.0,1.0,0.0,0.0,Sales,Low,Yes,No
0.4511515700469083,0.1685886895501311,6.0,97.0,1.0,0.0,0.0,HR,Low,Yes,No
0.7905624152153192,0.7114933087313959,2.0,158.0,3.0,0.0,0.0,Technical,Medium,Yes,Yes
,,,,,,,,,,
0.27387697896884955,0.41331281533902936,2.0,297.0,1.0,1.0,0.0,Sales,Low,Yes,Yes
0.8145899051199375,0.5683393758584481,4.0,125.0,7.0,1.0,1.0,Sales,Low,No,No
0.32192547093734875,0.8771167189508589,2.0,117.0,4.0,1.0,1.0,Technical,Low,No,No
0.30484296405891437,0.5520909922982834,4.0,207.0,2.0,0.0,0.0,HR,Low,Yes,No
0.5476376676090063,0.7156465739933319,6.0,182.0,5.0,1.0,1.0,HR,Low,Yes,Yes
0.563146876329834,1.0328313977518566,4.0,264.0,6.0,0.0,1.0,Sales,Low,Yes,No
,,,,,,,,,,
0.1594624778079381,0.3556683254219087,6.0,190.0,4.0,1.0,0.0,Sales,Medium,Yes,No
0.8982595758062362,0.48011256518739076,4.0,247.0,2.0,0.0,0.0,Management,Medium,Yes,No
0.30218373538522214,0.4776002368565026,3.0,240.0,5.0,1.0,1.0,HR,Low,No,No
0.23600597559304057,0.47381007881992593,5.0,233.0,3.0,1.0,0.0,Support,Low,No,Yes
,,,,,,,,,,
0.9528182957326444,0.712606853664933,5.0,291.0,1.0,1.0,1.0,Management,Low,No,Yes
0.8201179932394984,0.7020202414335884,2.0,160.0,2.0,1.0,1.0,HR,Low,Yes,No
0.8283287517203565,0.36924266831714053,2.0,269.0,6.0,1.0,1.0,Technical,Low,No,No
0.6686245208205177,0.8008304546736266,6.0,213.0,8.0,1.0,1.0,HR,Medium,No,No
0.5715768854422715,0.9383079785911126,2.0,214.0,3.0,0.0,0.0,Technical,Low,Yes,No
0.17371207644204634,0.8798624051665471,2.0,126.0,9.0,1.0,0.0,Technical,High,No,No
0.4998991250313315,0.16831386276277702,4.0,118.0,9.0,1.0,1.0,Sales,Medium,Yes,Yes
0.4226932403326186,0.6811511880817847,5.0,284.0,2.0,1.0,1.0,Sales,Medium,Yes,Yes
0.35092276416301155,0.17369203271560466,4.0,232.0,8.0,0.0,0.0,HR,Medium,Yes,No
0.7435320678000138,0.38539392031931674,2.0,264.0,5.0,1.0,0.0,Management,Low,No,No
0.547283918321554,0.12117166512583324,6.0,263.0,4.0,0.0,1.0,HR,Low,Yes,No
0.20275456064783287,0.6517701984529184,4.0,269.0,5.0,1.0,1.0,Support,Medium,Yes,No
0.29161042525510417,0.77479987165921,4.0,108.0,4.0,1.0,0.0,Technical,High,Yes,Yes
0.7329830892304198,0.22517725063464955,3.0,294.0,8.0,1.0,0.0,Technical,Low,Yes,No
,,,,,,,,,,
0.8867883585853737,0.5208514471170144,6.0,110.0,6.0,0.0,0.0,Management,Low,Yes,Yes
0.5420345356432498,0.48587959581283974,4.0,153.0,2.0,0.0,0.0,Sales,Low,Yes,No
0.5351351097023631,0.21454176752393556,4.0,254.0,5.0,0.0,1.0,Support,Low,No,No
0.6377157805087034,0.45228859846859426,6.0,116.0,6.0,0.0,1.0,HR,Low,No,Yes
0.8602711824172014,0.7983464108649218,2.0,144.0,5.0,0.0,1.0,HR,Low,No,No
0.4243944119974933,0.13289670365616868,3.0,118.0,2.0,1.0,0.0,Management,Low,No,No
0.6846709514147722,0.14797119198064212,4.0,237.0,7.0,0.0,1.0,Sales,Low,Yes,No
0.6646044699196074,0.4060427608038912,3.0,114.0,4.0,1.0,0.0,Sales,Low,No,No
0.34078520465892526,0.9494417064936364,5.0,159.0,8.0,0.0,1.0,Support,Low,No,No
0.917463694930521,0.6746338938057037,2.0,152.0,7.0,0.0,1.0,HR,High,Yes,No
0.7483013631826606,0.7223194284077139,5.0,253.0,7.0,0.0,0.0,Sales,Low,No,Yes
0.7141017889906935,0.41958029330725005,5.0,219.0,9.0,1.0,0.0,Management,Low,Yes,No
0.892959273493728,0.6545628653596843,5.0,239.0,1.0,0.0,1.0,HR,Low,No,No
0.8870187832192757,0.1112272779652886,2.0,105.0,6.0,0.0,1.0,Support,Low,No,No
0.6723027229530054,0.665379122546485,2.0,235.0,6.0,1.0,0.0,Management,Medium,No,No
0.8283343810717174,0.916568103441707,6.0,286.0,6.0,1.0,1.0,Technical,Low,No,No
0.699287714228079,0.6937966343274222,3.0,271.0,6.0,1.0,0.0,Support,Medium,No,Yes
0.7448857390176261,0.9164732612762444,3.0,189.0,7.0,1.0,0.0,Management,Low,Yes,No
0.6238987153100718,0.7071364222037775,6.0,119.0,6.0,0.0,1.0,Sales,Low,No,No
0.7966247286823636,0.19501981207438054,6.0,134.0,1.0,1.0,0.0,Technical,Low,Yes,Yes
0.23131130168557779,0.9128910190188751,5.0,108.0,3.0,0.0,0.0,Support,Low,Yes,No
0.9224885355656146,0.09471450577239941,6.0,304.0,2.0,0.0,0.0,Sales,Low,No,Yes
0.8868672032755262,0.5928637008889636,4.0,123.0,6.0,1.0,1.0,Technical,Low,Yes,No
0.11063495349829562,0.20454422392175325,3.0,230.0,8.0,0.0,0.0,HR,Low,Yes,No
0.8167667417886245,0.08795601104076287,6.0,260.0,3.0,1.0,1.0,Sales,Low,No,Yes
0.20674917464529302,0.4589431333439239,4.0,151.0,8.0,0.0,1.0,Management,High,No,No
0.30724013344205503,0.40776842791875934,4.0,207.0,8.0,1.0,1.0,Support,Low,Yes,No
0.8231156896373191,0.5582758564552661,4.0,189.0,5.0,1.0,0.0,Technical,Low,Yes,No
0.2794167757756092,0.6064822535870613,4.0,111.0,8.0,1.0,0.0,Sales,Low,Yes,Yes
0.8420406591321434,0.12313046551356048,5.0,269.0,6.0,1.0,1.0,HR,Low,No,Yes
0.878188550450959,0.21494235675050266,4.0,269.0,5.0,1.0,1.0,Support,Low,Yes,No
0.5589123969118704,0.6478688946228743,5.0,200.0,9.0,1.0,0.0,Support,Medium,No,No
0.12308943204593473,0.40229192807966546,5.0,253.0,7.0,0.0,1.0,Sales,High,Yes,No
0.3896071122826247,0.7041108723814243,4.0,162.0,8.0,0.0,1.0,HR,Low,Yes,No
0.6528464877609018,0.6950475999010973,3.0,236.0,1.0,0.0,0.0,Technical,Low,No,No
1.0032188710928134,0.8681932469386306,4.0,127.0,2.0,1.0,1.0,Sales,Low,Yes,No
,,,,,,,,,,
0.3364371916283582,0.48886370334595275,4.0,205.0,9.0,1.0,0.0,Support,Low,Yes,No
0.6695678882459754,0.7140949034850781,3.0,168.0,4.0,0.0,1.0,Technical,Low,No,No
0.579795250286731,0.3205882099587716,2.0,274.0,9.0,0.0,0.0,HR,Low,No,No
0.7937988748927279,0.41272899031556576,2.0,237.0,4.0,1.0,0.0,Management,Medium,Yes,No
0.19274211960896104,0.7942882396414641,5.0,98.0,9.0,0.0,0.0,HR,Low,Yes,No
,,,,,,,,,,
0.5882531207412771,0.831799228257021,3.0,221.0,2.0,0.0,1.0,Sales,Medium,No,No
1.054639089084519,0.8463577628000619,6.0,139.0,9.0,1.0,1.0,Support,Low,No,No
0.3818145087114587,0.9172890916338777,2.0,171.0,4.0,0.0,0.0,Management,Medium,No,No
0.6866411061546338,0.9592852764815628,5.0,94.0,8.0,1.0,0.0,Sales,Low,No,No
0.9668456898620315,0.47520083717633493,2.0,237.0,7.0,0.0,1.0,Sales,Medium,Yes,Yes
0.1783125479585077,0.44934505644731676,3.0,176.0,7.0,0.0,1.0,HR,Medium,Yes,No
0.9035944769073836,0.648480117859012,3.0,215.0,8.0,0.0,0.0,Technical,Low,Yes,No
0.7064541704298268,0.4339015284406381,6.0,164.0,1.0,0.0,1.0,HR,Medium,Yes,No
0.12036832409404749,0.6201131271638738,6.0,254.0,5.0,1.0,1.0,Technical,Low,Yes,No
0.34529405280993014,0.738065372059216,3.0,111.0,2.0,0.0,1.0,HR,High,No,No
0.7516144783417595,0.6625048462178159,5.0,275.0,2.0,1.0,1.0,Sales,Low,No,No
0.2377008853254272,0.45629502819834683,2.0,157.0,1.0,1.0,1.0,Support,Medium,No,No
0.6720669921335801,0.21042968423380426,4.0,133.0,5.0,0.0,0.0,Technical,Low,Yes,Yes
0.39175932091433163,0.5046421179212288,6.0,123.0,2.0,0.0,1.0,Management,High,No,No
0.6883698919370103,0.2156288924665288,4.0,166.0,4.0,1.0,1.0,Management,Low,No,No
0.12909138526103944,0.9038274538703637,5.0,131.0,3.0,1.0,0.0,Sales,High,No,No
0.8538984809256149,0.39152081667111277,6.0,226.0,3.0,0.0,0.0,HR,High,Yes,No
0.977518735190349,0.21834757987760675,4.0,195.0,2.0,0.0,0.0,HR,Low,Yes,Yes
0.9043553268387069,0.1420253132154945,5.0,184.0,6.0,0.0,0.0,Sales,Medium,Yes,No
0.7195788801830506,0.6612392993026535,2.0,224.0,2.0,0.0,1.0,Management,High,Yes,Yes
0.24739203303201115,0.6429428060145892,5.0,157.0,8.0,0.0,1.0,Management,Low,No,No
